Sample;X(ms) [22.03.2026 15:55:44 279 UTC];"Int_R_deseado[%MD70]";"Int_R_Real[%MD74]";"Int_G120[%MD58]";"Int_ST_FC11[%MD78]";"FT10_Int[%MD22]";"FT11_Int[%MD26]"
0;1774194944370,021712;0;-8388608;0;0;0;-9
1;1774194944470,016112;0;-8388608;63;0;0;-9
2;1774194944570,016608;0;-8388608;74;0;0;-9
3;1774194944670,025848;0;-8388608;81;0;0;-12
4;1774194944770,013848;0;-8388608;134;0;0;-12
5;1774194944870,020960;0;-8388608;123;0;0;-12
6;1774194944970,022568;0;-8388608;116;0;0;-14
7;1774194945070,039432;0;-8388608;159;0;0;-12
8;1774194945170,025912;0;-8388608;94;0;0;-12
9;1774194945270,027192;0;-8388608;97;0;0;-12
10;1774194945370,025368;0;-8388608;99;0;0;-9
11;1774194945470,025368;0;-8388608;52;0;0;-12
12;1774194945570,026600;0;-8388608;115;0;0;-12
13;1774194945670,027208;0;-8388608;111;0;0;-12
14;1774194945770,016600;0;-8388608;108;0;0;-12
15;1774194945870,016224;0;-8388608;107;0;0;-14
16;1774194945970,015688;0;-8388608;154;0;0;-14
17;1774194946070,015400;0;-8388608;138;0;0;-12
18;1774194946170,025752;0;-8388608;81;0;-9;-12
19;1774194946270,017232;0;1333;88;0;-9;-12
20;1774194946370,016184;0;1333;94;0;0;-12
21;1774194946470,016864;0;-8388608;97;0;0;-12
22;1774194946570,027040;0;-8388608;100;0;0;-12
23;1774194946670,022344;0;-8388608;101;0;0;-14
24;1774194946770,028912;0;-8388608;150;0;0;-14
25;1774194946870,027744;0;-8388608;137;0;0;0
26;1774194946970,025424;0;2143289344;0;0;0;0
27;1774194947070,026648;0;2143289344;0;0;0;-9
28;1774194947170,021944;0;-8388608;142;0;0;-9
29;1774194947270,021416;0;-8388608;128;0;0;-17
30;1774194947370,022536;0;-8388608;262;0;0;-17
31;1774194947470,027448;0;-8388608;213;0;0;-12
32;1774194947570,016864;0;-8388608;84;0;0;-12
33;1774194947670,021936;0;-8388608;92;0;0;-14
34;1774194947770,021376;0;-8388608;144;0;0;-14
35;1774194947870,014520;0;-8388608;133;0;0;-14
36;1774194947970,015712;0;-8388608;126;0;0;-12
37;1774194948070,015264;0;-8388608;73;0;0;-12
38;1774194948170,028376;0;-8388608;84;0;0;-12
39;1774194948270,123496;0;-8388608;92;0;0;-12
40;1774194948370,020976;0;-8388608;97;0;0;-12
41;1774194948470,021880;0;-8388608;100;0;0;-12
42;1774194948570,023184;0;-8388608;103;0;0;-12
43;1774194948670,015880;0;-8388608;104;0;0;-12
44;1774194948770,022048;0;-8388608;105;0;0;-14
45;1774194948870,025840;0;-8388608;154;0;0;-14
46;1774194948970,015912;0;-8388608;140;0;0;-12
47;1774194949070,014936;0;-8388608;83;0;0;-12
48;1774194949170,022040;0;-8388608;92;0;0;-12
49;1774194949270,175472;0;-8388608;97;0;0;-12
50;1774194949370,021728;0;-8388608;101;0;0;-12
51;1774194949470,015984;0;-8388608;104;0;0;-12
52;1774194949570,025512;0;-8388608;105;0;0;-12
53;1774194949670,021568;0;-8388608;106;0;0;-12
54;1774194949770,021344;0;-8388608;107;0;0;-9
55;1774194949870,021784;0;-8388608;60;0;0;-12
56;1774194949970,030480;0;-8388608;123;0;0;-12
57;1774194950070,014832;0;-8388608;118;0;0;-12
58;1774194950170,022672;0;-8388608;115;0;0;-12
59;1774194950270,016560;0;-8388608;113;0;0;-12
60;1774194950370,016272;0;-8388608;112;0;0;-12
61;1774194950470,022600;0;-8388608;111;0;0;-12
62;1774194950570,027928;0;-8388608;111;0;0;-14
63;1774194950670,023656;0;-8388608;159;0;0;-12
64;1774194950770,017272;0;-8388608;96;0;0;-12
65;1774194950870,017088;0;-8388608;101;0;0;-12
66;1774194950970,022080;0;-8388608;104;0;0;-12
67;1774194951070,016584;0;-8388608;107;0;0;-12
68;1774194951170,017320;0;-8388608;108;0;0;-12
69;1774194951270,016112;0;-8388608;109;0;0;-12
70;1774194951370,028840;0;-8388608;110;0;0;-12
71;1774194951470,017160;0;-8388608;110;0;0;-12
72;1774194951570,015104;0;-8388608;111;0;0;-12
73;1774194951670,016704;0;-8388608;111;0;0;-12
74;1774194951770,022296;0;-8388608;111;0;0;-14
75;1774194951870,025472;0;-8388608;160;0;0;-14
76;1774194951970,026432;0;-8388608;145;0;0;-12
77;1774194952070,025224;0;-8388608;88;0;0;-12
78;1774194952170,021896;0;-8388608;96;0;0;-12
79;1774194952270,015744;0;-8388608;102;0;0;-12
80;1774194952370,024520;0;-8388608;106;0;0;-14
81;1774194952470,021600;0;-8388608;156;0;0;-14
82;1774194952570,021416;0;-8388608;143;0;0;-9
83;1774194952670,024648;0;-8388608;39;0;0;-12
84;1774194952770,027376;0;-8388608;110;0;0;-12
85;1774194952870,023160;0;-8388608;111;0;0;-12
86;1774194952970,021184;0;-8388608;112;0;0;-14
87;1774194953070,027856;0;-8388608;161;0;0;-12
88;1774194953170,022792;0;-8388608;99;0;0;-12
89;1774194953270,024192;0;-8388608;104;0;0;-12
90;1774194953370,021944;0;-8388608;108;0;0;-12
91;1774194953470,021944;0;-8388608;110;0;0;-12
92;1774194953570,017096;0;-8388608;112;0;0;-12
93;1774194953670,026224;0;-8388608;113;0;0;-12
94;1774194953770,027736;0;-8388608;113;0;0;-12
95;1774194953870,059816;0;-8388608;114;0;0;-12
96;1774194953970,023344;0;-8388608;114;0;0;-14
97;1774194954070,021272;0;-8388608;163;0;0;-12
98;1774194954170,026832;0;-8388608;101;0;0;-12
99;1774194954270,024720;0;-8388608;106;0;0;-12
100;1774194954370,021944;0;-8388608;109;0;-6;-9
101;1774194954470,022824;0;1500;63;0;0;-12
102;1774194954570,016744;0;-8388608;127;0;0;-12
103;1774194954670,024168;0;-8388608;124;0;0;-12
104;1774194954770,021488;0;-8388608;121;0;0;-14
105;1774194954870,027792;0;-8388608;168;0;0;-12
106;1774194954970,022648;0;-8388608;104;0;0;-12
107;1774194955070,017224;0;-8388608;109;0;0;-12
108;1774194955170,026272;0;-8388608;111;0;0;-17
109;1774194955270,025552;0;-8388608;209;0;0;-14
110;1774194955370,023248;0;-8388608;134;0;0;-14
111;1774194955470,023608;0;-8388608;130;0;0;-20
112;1774194955570,013536;0;-8388608;224;0;0;-9
113;1774194955670,022976;0;-8388608;1;0;0;-12
114;1774194955770,022208;0;-8388608;87;0;0;-12
115;1774194955870,015352;0;-8388608;98;0;0;-9
116;1774194955970,027872;0;-8388608;57;0;0;-12
117;1774194956070,016192;0;-8388608;124;0;0;-12
118;1774194956170,036816;0;-8388608;122;0;0;-12
119;1774194956270,028456;0;-8388608;121;0;0;-14
120;1774194956370,026056;0;-8388608;168;0;0;-12
121;1774194956470,016464;0;-8388608;106;0;0;-12
122;1774194956570,017040;0;-8388608;110;0;0;-12
123;1774194956670,027648;0;-8388608;113;0;0;-12
124;1774194956770,021624;0;-8388608;115;0;0;-12
125;1774194956870,022152;0;-8388608;117;0;0;-12
126;1774194956970,023296;0;-8388608;118;0;0;-12
127;1774194957070,017112;0;-8388608;119;0;0;-12
128;1774194957170,017200;0;-8388608;119;0;0;-12
129;1774194957270,016144;0;-8388608;120;0;0;-14
130;1774194957370,025312;0;-8388608;168;0;0;-12
131;1774194957470,015568;0;-8388608;106;0;0;-12
132;1774194957570,015960;0;-8388608;111;0;0;-12
133;1774194957670,016392;0;-8388608;114;0;0;-12
134;1774194957770,026360;0;-8388608;117;0;0;-12
135;1774194957870,016872;0;-8388608;118;0;0;-12
136;1774194957970,053032;0;-8388608;119;0;0;-12
137;1774194958070,023408;0;-8388608;120;0;0;-14
138;1774194958170,016296;0;-8388608;169;0;0;-17
139;1774194958270,017048;0;-8388608;203;0;0;-17
140;1774194958370,016304;0;-8388608;179;0;0;-9
141;1774194958470,017096;0;-8388608;19;0;0;-6
142;1774194958570,026032;0;-8388608;4;0;0;-12
143;1774194958670,025808;0;-8388608;137;0;0;-12
144;1774194958770,016000;0;-8388608;132;0;0;-12
145;1774194958870,027400;0;-8388608;129;0;0;-12
146;1774194958970,022160;0;-8388608;127;0;0;-12
147;1774194959070,022552;0;-8388608;126;0;0;-14
148;1774194959170,016440;0;-8388608;173;0;0;-14
149;1774194959270,014512;0;-8388608;158;0;0;-14
150;1774194959370,016832;0;-8388608;148;0;0;-14
151;1774194959470,021288;0;-8388608;142;0;0;-12
152;1774194959570,029384;0;-8388608;90;0;0;-12
153;1774194959670,029968;0;-8388608;101;0;0;-12
154;1774194959770,023616;0;-8388608;109;0;0;-12
155;1774194959870,016944;0;-8388608;114;0;0;-12
156;1774194959970,028024;0;-8388608;118;0;0;-12
157;1774194960070,016336;0;-8388608;120;0;0;-12
158;1774194960170,016984;0;-8388608;122;0;-3;-12
159;1774194960270,015864;0;4000;123;0;0;-14
160;1774194960370,025200;0;-8388608;172;0;0;-14
161;1774194960470,025728;0;-8388608;158;0;0;-14
162;1774194960570,038000;0;-8388608;149;0;0;-12
163;1774194960670,024680;0;-8388608;95;0;0;-12
164;1774194960770,022120;0;-8388608;105;0;0;-9
165;1774194960870,016896;0;-8388608;64;0;0;-9
166;1774194960970,014912;0;-8388608;83;0;0;-14
167;1774194961070,015320;0;-8388608;192;0;0;-14
168;1774194961170,014144;0;-8388608;172;0;0;-9
169;1774194961270,023744;0;-8388608;62;0;0;-9
170;1774194961370,029064;0;-8388608;82;0;0;-14
171;1774194961470,014704;0;-8388608;191;0;0;-14
172;1774194961570,017056;0;-8388608;171;0;0;-12
173;1774194961670,026432;0;-8388608;110;0;0;-12
174;1774194961770,021848;0;-8388608;116;0;0;-12
175;1774194961870,015912;0;-8388608;120;0;0;-12
176;1774194961970,027992;0;-8388608;122;0;0;-12
177;1774194962070,020912;0;-8388608;124;0;0;-12
178;1774194962170,016360;0;-8388608;125;0;0;-12
179;1774194962270,030184;0;-8388608;126;0;0;-12
180;1774194962370,026568;0;-8388608;127;0;0;-14
181;1774194962470,017240;0;-8388608;175;0;0;-12
182;1774194962570,028080;0;-8388608;113;0;0;-12
183;1774194962670,026496;0;-8388608;119;0;0;-12
184;1774194962770,026824;0;-8388608;122;0;0;-12
185;1774194962870,029904;0;-8388608;124;0;-3;-12
186;1774194962970,026120;0;4000;126;0;0;-12
187;1774194963070,015896;0;-8388608;127;0;0;-12
188;1774194963170,026456;0;-8388608;128;0;0;-12
189;1774194963270,016176;0;-8388608;128;0;0;-14
190;1774194963370,021720;0;-8388608;177;0;0;-14
191;1774194963470,025656;0;-8388608;163;0;0;-14
192;1774194963570,014616;0;-8388608;154;0;0;0
193;1774194963670,015920;0;2143289344;0;0;0;-9
194;1774194963770,022104;0;-8388608;119;0;0;-9
195;1774194963870,024504;0;-8388608;121;0;0;-9
196;1774194963970,029768;0;-8388608;123;0;0;-12
197;1774194964070,038840;0;-8388608;172;0;0;-12
198;1774194964170,022840;0;-8388608;158;0;0;-12
199;1774194964270,023160;0;-8388608;149;0;0;-12
200;1774194964370,029216;0;-8388608;143;0;0;-14
201;1774194964470,025112;250;-8388608;187;0;0;-14
202;1774194964570,022784;250;-8388608;170;0;0;-12
203;1774194964670,021112;250;-8388608;111;0;0;-12
204;1774194964770,026144;250;-8388608;118;0;0;-12
205;1774194964870,027528;250;-8388608;122;0;0;-12
206;1774194964970,015256;250;-8388608;126;0;0;-12
207;1774194965070,015264;250;-8388608;128;0;0;-12
208;1774194965170,101496;250;-8388608;129;0;0;-12
209;1774194965270,015152;250;-8388608;130;0;0;-12
210;1774194965370,016104;250;-8388608;131;0;0;-12
211;1774194965470,017336;250;-8388608;132;0;0;-12
212;1774194965570,025104;250;-8388608;132;0;0;-12
213;1774194965670,020880;250;-8388608;132;0;0;-14
214;1774194965770,021832;250;-8388608;181;0;0;-14
215;1774194965870,021984;250;-8388608;166;0;0;-14
216;1774194965970,021304;250;-8388608;157;0;0;-12
217;1774194966070,016448;250;-8388608;103;0;0;-12
218;1774194966170,016640;250;-8388608;113;0;0;-12
219;1774194966270,025936;250;-8388608;120;0;0;-12
220;1774194966370,017256;250;-8388608;125;0;0;-20
221;1774194966470,044936;250;-8388608;272;0;0;-12
222;1774194966570,017104;250;-8388608;87;0;0;-17
223;1774194966670,024680;250;-8388608;199;0;0;-12
224;1774194966770,026424;250;-8388608;85;0;0;-12
225;1774194966870,016752;250;-8388608;102;0;0;-12
226;1774194966970,027928;250;-8388608;113;0;0;-12
227;1774194967070,029512;250;-8388608;121;0;0;-12
228;1774194967170,016224;250;-8388608;126;0;0;-12
229;1774194967270,015984;250;-8388608;129;0;0;-12
230;1774194967370,021656;250;-8388608;131;0;0;-12
231;1774194967470,022840;250;-8388608;133;0;0;-12
232;1774194967570,021160;250;-8388608;134;0;0;-12
233;1774194967670,015024;250;-8388608;135;0;0;-12
234;1774194967770,026792;250;-8388608;135;0;0;-12
235;1774194967870,015192;250;-8388608;136;0;0;-12
236;1774194967970,020976;250;-8388608;136;0;0;-12
237;1774194968070,014720;250;-8388608;136;0;0;-14
238;1774194968170,016120;250;-8388608;184;0;-3;-12
239;1774194968270,022856;250;4000;121;-1;0;-12
240;1774194968370,023112;250;-8388608;127;0;0;-12
241;1774194968470,031160;250;-8388608;131;0;0;-12
242;1774194968570,016376;250;-8388608;133;0;0;-12
243;1774194968670,024368;250;-8388608;135;0;0;-12
244;1774194968770,015968;250;-8388608;136;0;0;-14
245;1774194968870,023328;250;-8388608;184;0;0;-14
246;1774194968970,015512;250;-8388608;171;0;0;-12
247;1774194969070,014480;250;-8388608;113;0;0;-6
248;1774194969170,016792;250;-8388608;26;0;0;-12
249;1774194969270,021992;250;-8388608;156;0;0;-12
250;1774194969370,028840;250;-8388608;150;0;0;-12
251;1774194969470,020928;250;-8388608;146;0;0;-9
252;1774194969570,016856;250;-8388608;96;0;0;-12
253;1774194969670,021784;250;-8388608;157;0;0;-12
254;1774194969770,024520;250;-8388608;151;0;0;-12
255;1774194969870,015936;250;-8388608;147;0;0;-14
256;1774194969970,015672;250;-8388608;192;0;0;-12
257;1774194970070,017128;250;-8388608;128;0;0;-12
258;1774194970170,021528;250;-8388608;132;0;0;-12
259;1774194970270,024664;250;-8388608;135;0;0;-12
260;1774194970370,015472;250;-8388608;137;0;0;-12
261;1774194970470,021368;250;-8388608;138;0;0;-12
262;1774194970570,016440;250;-8388608;139;0;0;-12
263;1774194970670,021504;250;-8388608;139;0;0;-12
264;1774194970770,026200;250;-8388608;140;0;0;-12
265;1774194970870,017000;250;-8388608;140;0;0;-14
266;1774194970970,021336;250;-8388608;188;0;0;-14
267;1774194971070,016208;250;-8388608;174;0;0;-12
268;1774194971170,016904;250;-8388608;117;0;0;-12
269;1774194971270,025048;250;-8388608;125;0;0;-12
270;1774194971370,021144;250;-8388608;131;0;0;-12
271;1774194971470,016936;250;-8388608;134;0;0;-12
272;1774194971570,016544;250;-8388608;137;0;0;-12
273;1774194971670,026080;250;-8388608;139;0;0;-17
274;1774194971770,021512;250;-8388608;236;0;0;-17
275;1774194971870,014864;250;-8388608;208;0;0;-14
276;1774194971970,026080;250;-8388608;142;0;0;-14
277;1774194972070,076560;250;-8388608;144;0;0;-17
278;1774194972170,024456;250;-8388608;193;0;0;-17
279;1774194972270,016272;250;-8388608;180;0;0;-12
280;1774194972370,021624;250;-8388608;75;0;0;-12
281;1774194972470,027192;250;-8388608;98;0;0;-12
282;1774194972570,029384;250;-8388608;114;0;0;-12
283;1774194972670,017296;250;-8388608;124;0;0;-12
284;1774194972770,029608;250;-8388608;131;0;0;-12
285;1774194972870,016704;250;-8388608;135;0;0;-12
286;1774194972970,024264;250;-8388608;138;0;0;-14
287;1774194973070,023544;250;-8388608;188;0;0;-14
288;1774194973170,027592;250;-8388608;175;0;0;-14
289;1774194973270,021160;250;-8388608;167;0;0;-12
290;1774194973370,014168;250;-8388608;113;0;0;-12
291;1774194973470,023248;250;-8388608;124;0;0;-12
292;1774194973570,023184;250;-8388608;131;0;0;-12
293;1774194973670,016800;250;-8388608;136;0;0;-12
294;1774194973770,026544;250;-8388608;139;0;0;-12
295;1774194973870,025792;250;-8388608;141;0;0;-12
296;1774194973970,024312;250;-8388608;143;0;0;-14
297;1774194974070,025224;250;-8388608;192;0;0;-12
298;1774194974170,022056;250;-8388608;130;0;0;-12
299;1774194974270,025256;250;-8388608;136;0;0;-12
300;1774194974370,025464;250;-8388608;139;0;0;-12
301;1774194974470,022776;250;-8388608;142;0;0;-3
302;1774194974570,017208;250;-8388608;0;0;0;-12
303;1774194974670,015520;250;-8388608;188;0;0;-12
304;1774194974770,021328;250;-8388608;174;0;0;-12
305;1774194974870,024640;250;-8388608;165;0;0;-14
306;1774194974970,016544;250;-8388608;207;0;0;-12
307;1774194975070,021632;250;-8388608;141;0;0;-14
308;1774194975170,015048;250;-8388608;191;0;0;-14
309;1774194975270,016960;250;-8388608;178;0;0;-12
310;1774194975370,025304;250;-8388608;122;0;0;-12
311;1774194975470,028192;250;-8388608;131;0;0;-12
312;1774194975570,025160;250;-8388608;137;0;0;-12
313;1774194975670,031648;250;-8388608;141;0;0;-12
314;1774194975770,025344;250;-8388608;143;0;0;-12
315;1774194975870,026552;250;-8388608;145;0;0;-12
316;1774194975970,015488;250;-8388608;146;0;0;-12
317;1774194976070,021592;250;-8388608;147;0;0;-12
318;1774194976170,031576;250;-8388608;148;0;0;-14
319;1774194976270,016448;250;-8388608;196;0;0;-12
320;1774194976370,016656;250;-8388608;134;0;0;-12
321;1774194976470,016232;250;-8388608;140;0;0;-12
322;1774194976570,015248;250;-8388608;143;0;0;-9
323;1774194976670,059160;250;-8388608;97;0;0;-12
324;1774194976770,026544;250;-8388608;161;0;0;-12
325;1774194976870,030880;250;-8388608;158;0;0;-12
326;1774194976970,030120;250;-8388608;155;0;0;-12
327;1774194977070,023064;250;-8388608;154;0;0;-14
328;1774194977170,041248;250;-8388608;201;0;0;-12
329;1774194977270,015504;250;-8388608;138;0;0;-12
330;1774194977370,021192;250;-8388608;142;0;0;-9
331;1774194977470,017088;250;-8388608;97;0;0;-9
332;1774194977570,023896;250;-8388608;114;0;0;-12
333;1774194977670,015672;250;-8388608;173;0;0;-12
334;1774194977770,016560;250;-8388608;165;0;0;-12
335;1774194977870,029456;250;-8388608;161;0;0;-12
336;1774194977970,022176;250;-8388608;158;0;0;-14
337;1774194978070,015880;250;-8388608;204;0;0;-14
338;1774194978170,024896;250;-8388608;188;0;0;-12
339;1774194978270,015032;250;-8388608;130;0;0;-12
340;1774194978370,016832;250;-8388608;137;0;0;-12
341;1774194978470,022984;250;-8388608;143;0;0;-12
342;1774194978570,026768;250;-8388608;146;0;0;-12
343;1774194978670,025608;250;-8388608;148;0;0;-12
344;1774194978770,025728;250;-8388608;150;0;0;-12
345;1774194978870,016088;250;-8388608;151;0;0;-12
346;1774194978970,016408;250;-8388608;152;0;0;-12
347;1774194979070,024880;250;-8388608;152;0;0;-12
348;1774194979170,024520;250;-8388608;153;0;-14;-12
349;1774194979270,025856;250;800;148;-4;0;-12
350;1774194979370,020944;250;-8388608;153;0;0;-12
351;1774194979470,024488;250;-8388608;154;0;0;-12
352;1774194979570,031816;250;-8388608;154;0;0;-12
353;1774194979670,024880;250;-8388608;154;0;0;-14
354;1774194979770,025136;250;-8388608;202;0;0;-14
355;1774194979870,016040;250;-8388608;188;0;0;-14
356;1774194979970,016928;250;-8388608;178;0;0;-9
357;1774194980070,016512;250;-8388608;76;0;0;-12
358;1774194980170,023352;250;-8388608;149;0;0;-12
359;1774194980270,016896;250;-8388608;151;0;0;-12
360;1774194980370,021648;250;-8388608;153;0;0;-12
361;1774194980470,023720;250;-8388608;154;0;0;-12
362;1774194980570,014432;250;-8388608;154;0;0;-12
363;1774194980670,014576;250;-8388608;155;0;0;-12
364;1774194980770,021752;250;-8388608;155;0;0;-14
365;1774194980870,017304;250;-8388608;204;0;0;-12
366;1774194980970,025168;250;-8388608;141;0;0;-12
367;1774194981070,024008;250;-8388608;146;0;0;-12
368;1774194981170,024376;250;-8388608;150;0;0;-12
369;1774194981270,021896;250;-8388608;152;0;0;-12
370;1774194981370,021360;250;-8388608;154;0;0;-9
371;1774194981470,016760;250;-8388608;107;0;0;-9
372;1774194981570,032128;250;-8388608;122;0;0;-12
373;1774194981670,015472;250;-8388608;180;0;-3;-12
374;1774194981770,013552;250;4000;171;-1;0;-14
375;1774194981870,026848;250;-8388608;215;0;-3;-14
376;1774194981970,031168;250;5000;197;-1;-3;-12
377;1774194982070,021144;250;4000;137;-1;0;-12
378;1774194982170,022968;250;-8388608;145;0;0;-9
379;1774194982270,023704;250;-8388608;101;0;0;-9
380;1774194982370,016952;250;-8388608;119;0;0;-12
381;1774194982470,016000;250;-8388608;178;0;0;-14
382;1774194982570,026888;250;-8388608;220;0;0;-6
383;1774194982670,031048;250;-8388608;57;0;0;-6
384;1774194982770,024504;250;-8388608;88;0;0;-9
385;1774194982870,021504;250;-8388608;156;0;0;-12
386;1774194982970,016800;250;-8388608;203;0;0;-12
387;1774194983070,014344;250;-8388608;188;0;1343;-12
388;1774194983170,015864;250;-9;661;336;2179;-12
389;1774194983270,022192;250;-5;959;545;2179;-12
390;1774194983370,231184;250;-5;961;545;3038;-12
391;1774194983470,017248;250;-4;1274;760;3918;-12
392;1774194983570,021144;250;-3;1597;979;4809;-12
393;1774194983670,030192;250;-2;1929;1202;4809;-12
394;1774194983770,025496;250;-2;1943;1202;5663;-14
395;1774194983870,020928;250;-3;2312;1416;6470;-14
396;1774194983970,024344;250;-2;2605;1617;7240;-14
397;1774194984070,017072;250;-2;2893;1810;7240;-12
398;1774194984170,022504;250;-2;2861;1810;7969;-12
399;1774194984270,022064;250;-1;3156;1992;8669;-12
400;1774194984370,017208;250;-1;3439;2167;9346;-12
401;1774194984470,025464;250;-1;3714;2337;9346;-12
402;1774194984570,014240;250;-1;3747;2337;9986;-12
403;1774194984670,021880;250;-1;4008;2496;10602;-12
404;1774194984770,022616;250;-1;4262;2650;11215;-12
405;1774194984870,024256;250;-1;4517;2804;11215;-12
406;1774194984970,028776;250;-1;4553;2804;11837;-12
407;1774194985070,021584;250;-1;4812;2959;12436;-14
408;1774194985170,022472;250;-1;5113;3109;13001;-14
409;1774194985270,029040;250;-1;5341;3250;13550;-14
410;1774194985370,014792;250;-1;5570;3388;13550;-9
411;1774194985470,030728;250;-1;5510;3388;14089;-6
412;1774194985570,015248;250;0;5723;3522;14621;-12
413;1774194985670,024480;250;-1;6086;3655;15142;-12
414;1774194985770,022792;250;-1;6311;3785;15142;-12
415;1774194985870,021424;250;-1;6353;3785;15651;-12
416;1774194985970,040392;250;-1;6580;3913;16149;-14
417;1774194986070,025608;250;-1;6854;4037;16632;-14
418;1774194986170,032360;250;-1;7062;4158;16632;-14
419;1774194986270,025448;250;-1;7104;4158;17095;-12
420;1774194986370,021376;250;-1;7268;4274;17543;-12
421;1774194986470,015760;250;-1;7493;4386;17983;-12
422;1774194986570,017280;250;-1;7713;4496;17983;-12
423;1774194986670,017032;250;-1;7774;4496;18417;-12
424;1774194986770,016904;250;-1;7989;4604;18843;-9
425;1774194986870,024792;250;0;8154;4711;19233;-9
426;1774194986970,021552;250;0;8370;4808;19233;-12
427;1774194987070,016056;250;-1;8489;4808;19621;-12
428;1774194987170,015728;250;-1;8681;4905;20003;-12
429;1774194987270,016024;250;-1;8875;5001;20382;-12
430;1774194987370,016296;250;-1;9071;5095;20382;-14
431;1774194987470,021000;250;-1;9182;5095;20744;-14
432;1774194987570,254112;250;-1;9360;5186;21102;-12
433;1774194987670,017200;250;-1;9496;5276;21453;-12
434;1774194987770,016936;250;-1;9696;5363;21800;-12
435;1774194987870,015960;250;-1;9893;5450;21800;-12
436;1774194987970,021768;250;-1;9965;5450;22135;-9
437;1774194988070,014072;250;0;10109;5534;22462;-17
438;1774194988170,022800;250;-1;10456;5616;22784;-17
439;1774194988270,027368;250;-1;10610;5696;22784;-17
440;1774194988370,021176;250;-1;10660;5696;23090;-14
441;1774194988470,021480;250;-1;10780;5773;23394;-12
442;1774194988570,015024;250;0;10919;5849;23686;-12
443;1774194988670,017176;250;0;11115;5922;23686;-12
444;1774194988770,016288;250;0;11202;5922;23973;-12
445;1774194988870,024360;250;0;11387;5993;24256;-12
446;1774194988970,028864;250;0;11570;6064;24525;-12
447;1774194989070,016008;250;0;11747;6131;24525;-12
448;1774194989170,015712;250;0;11827;6131;24786;-12
449;1774194989270,016264;250;0;11999;6196;25043;-12
450;1774194989370,023920;250;0;12171;6261;25298;-12
451;1774194989470,022560;250;0;12342;6325;25298;-14
452;1774194989570,013168;250;-1;12470;6325;25541;-14
453;1774194989670,026144;250;-1;12624;6385;25784;-12
454;1774194989770,016120;250;0;12734;6446;26016;-12
455;1774194989870,024880;250;0;12907;6504;26253;-12
456;1774194989970,016240;250;0;13080;6563;26253;-12
457;1774194990070,016400;250;0;13166;6563;26476;-12
458;1774194990170,017176;250;0;13332;6619;26693;-12
459;1774194990270,021632;250;0;13495;6673;26898;-12
460;1774194990370,027784;250;0;13654;6725;26898;-14
461;1774194990470,016752;250;-1;13788;6725;27101;-12
462;1774194990570,015792;250;0;13883;6775;27303;-17
463;1774194990670,016048;250;-1;14143;6826;27491;-17
464;1774194990770,015528;250;-1;14271;6873;27491;-9
465;1774194990870,021736;250;0;14197;6873;27682;-12
466;1774194990970,013504;250;0;14433;6921;27865;-6
467;1774194991070,024072;250;0;14497;6966;28047;-6
468;1774194991170,026472;250;0;14684;7012;28047;-17
469;1774194991270,021384;250;-1;14986;7012;28229;-12
470;1774194991370,024288;250;0;15001;7057;28397;-12
471;1774194991470,016120;250;0;15151;7099;28562;-12
472;1774194991570,025440;250;0;15300;7140;28730;-14
473;1774194991670,021904;250;-1;15499;7182;28730;-12
474;1774194991770,016088;250;0;15527;7182;28892;-12
475;1774194991870,015976;250;0;15681;7223;29048;-12
476;1774194991970,021104;250;0;15832;7262;29201;-12
477;1774194992070,027304;250;0;15981;7300;29201;-12
478;1774194992170,025344;250;0;16074;7300;29355;-9
479;1774194992270,026416;250;0;16175;7339;29497;-12
480;1774194992370,021848;250;0;16381;7374;29638;-12
481;1774194992470,029792;250;0;16521;7410;29638;-12
482;1774194992570,026160;250;0;16612;7410;29766;-14
483;1774194992670,025144;250;0;16797;7441;29899;-12
484;1774194992770,017320;250;0;16875;7475;30029;-12
485;1774194992870,016184;250;0;17020;7507;30029;-12
486;1774194992970,016528;250;0;17118;7507;30150;-12
487;1774194993070,015048;250;0;17258;7538;30269;-12
488;1774194993170,024840;250;0;17397;7567;30388;-12
489;1774194993270,016104;250;0;17536;7597;30388;-12
490;1774194993370,016240;250;0;17633;7597;30503;-12
491;1774194993470,024752;250;0;17771;7626;30619;-17
492;1774194993570,015312;250;-1;18005;7655;30732;-17
493;1774194993670,024112;250;-1;18113;7683;30732;-14
494;1774194993770,021536;250;0;18143;7683;30845;-17
495;1774194993870,026136;250;-1;18331;7711;30949;-12
496;1774194993970,016640;250;0;18357;7737;31053;-12
497;1774194994070,020824;250;0;18512;7763;31155;-12
498;1774194994170,027456;250;0;18660;7789;31155;-12
499;1774194994270,020856;250;0;18767;7789;31256;-12
500;1774194994370,025072;250;0;18907;7814;31354;-12
501;1774194994470,042904;250;0;19045;7839;31450;-12
502;1774194994570,025376;250;0;19181;7862;31450;-12
503;1774194994670,016152;250;0;19282;7862;31545;-14
504;1774194994770,016248;250;0;19465;7886;31632;-14
505;1774194994870,026648;250;0;19582;7908;31722;-14
506;1774194994970,013664;250;0;19705;7930;31722;-12
507;1774194995070,016872;250;0;19752;7930;31803;-12
508;1774194995170,025320;250;0;19891;7951;31887;-12
509;1774194995270,037952;250;0;20029;7972;31968;-12
510;1774194995370,021640;250;0;20163;7992;31968;-12
511;1774194995470,014888;250;0;20267;7992;32046;-12
512;1774194995570,024840;250;0;20398;8011;32124;-12
513;1774194995670,023952;250;0;20529;8031;32196;-14
514;1774194995770,021984;250;0;20705;8049;32271;-14
515;1774194995870,021744;250;0;20820;8068;32271;-12
516;1774194995970,022576;250;0;20865;8068;32344;-12
517;1774194996070,013352;250;0;21001;8086;32410;-17
518;1774194996170,025360;250;-1;21229;8103;32483;-17
519;1774194996270,016096;250;-1;21332;8121;32483;-9
520;1774194996370,021232;250;0;21274;8121;32549;-12
521;1774194996470,022920;250;0;21481;8137;32613;-9
522;1774194996570,021768;250;0;21565;8153;32671;-9
523;1774194996670,025192;250;0;21708;8168;32671;-3
524;1774194996770,026312;250;0;21728;8168;32726;1505
525;1774194996870,016072;250;46;0;8181;32781;1950
526;1774194996970,026840;250;59;0;8195;32833;1950
527;1774194997070,023192;250;59;4452;8208;32833;2373
528;1774194997170,015232;250;72;2311;8208;32888;2772
529;1774194997270,024248;250;84;1062;8222;32940;3096
530;1774194997370,026008;250;94;1266;8235;32989;3096
531;1774194997470,026560;250;94;6605;8247;32989;3345
532;1774194997570,023504;250;101;6029;8247;33035;3507
533;1774194997670,024624;250;106;6971;8259;33076;3588
534;1774194997770,021488;250;108;8865;8269;33122;3588
535;1774194997870,021432;250;108;11442;8281;33168;3588
536;1774194997970,021840;250;108;13176;8292;33168;3524
537;1774194998070,017088;250;106;15391;8292;33215;3426
538;1774194998170,023104;250;103;17511;8304;33255;3333
539;1774194998270,023016;250;100;18906;8314;33299;3333
540;1774194998370,029720;250;100;18379;8325;33299;3290
541;1774194998470,015512;250;99;18760;8325;33342;3325
542;1774194998570,015024;250;100;17780;8336;33380;3455
543;1774194998670,014800;250;104;15550;8345;33420;3455
544;1774194998770,014848;250;103;16178;8355;33420;3655
545;1774194998870,016680;250;109;13294;8355;33455;3869
546;1774194998970,016912;250;116;11052;8364;33490;4074
547;1774194999070,026680;250;122;9601;8372;33527;4074
548;1774194999170,023944;250;122;11945;8382;33527;4248
549;1774194999270,023088;250;127;10629;8382;33562;4369
550;1774194999370,023920;250;130;10544;8390;33594;4436
551;1774194999470,031160;250;132;11346;8398;33626;4436
552;1774194999570,021784;250;132;12961;8406;33626;4459
553;1774194999670,014584;250;133;13657;8406;33660;4456
554;1774194999770,026328;250;132;14566;8415;33695;4442
555;1774194999870,021176;250;132;15384;8424;33721;4442
556;1774194999970,016016;250;132;15713;8430;33747;4447
557;1774195000070,013816;250;132;15855;8437;33747;4479
558;1774195000170,024552;250;133;15525;8437;33776;4549
559;1774195000270,014896;250;135;14690;8444;33811;4647
560;1774195000370,016224;250;137;13636;8453;33837;4647
561;1774195000470,025544;250;137;14526;8459;33837;4757
562;1774195000570,020920;250;141;13302;8459;33863;4855
563;1774195000670,021416;250;143;12640;8466;33889;4945
564;1774195000770,023696;250;146;12304;8472;33906;4945
565;1774195000870,032440;250;146;13529;8477;33906;5014
566;1774195000970,016216;250;148;13200;8477;33932;5058
567;1774195001070,021200;250;149;13396;8483;33955;5084
568;1774195001170,031928;250;150;13804;8489;33981;5084
569;1774195001270,031968;250;150;14509;8495;33981;5113
570;1774195001370,025792;250;150;14504;8495;34002;5136
571;1774195001470,021904;250;151;14601;8500;34025;5179
572;1774195001570,015296;250;152;14333;8506;34051;5179
573;1774195001670,021320;250;152;14867;8513;34051;5229
574;1774195001770,020936;250;154;14413;8513;34077;5289
575;1774195001870,025056;250;155;13913;8519;34100;5359
576;1774195001970,027992;250;157;13417;8525;34126;5411
577;1774195002070,016288;250;159;13350;8532;34152;5411
578;1774195002170,014672;250;158;14155;8538;34152;5472
579;1774195002270,016512;250;160;13687;8538;34172;5509
580;1774195002370,021904;250;161;13744;8543;34190;5547
581;1774195002470,026240;250;162;13774;8547;34204;5547
582;1774195002570,042144;250;162;14408;8551;34204;5584
583;1774195002670,023376;250;163;14214;8551;34225;5619
584;1774195002770,016680;250;164;14130;8556;34248;5660
585;1774195002870,016368;250;165;13973;8562;34265;5660
586;1774195002970,027080;250;165;14529;8566;34265;5703
587;1774195003070,021952;250;166;14186;8566;34280;5744
588;1774195003170,014440;250;168;13998;8570;34294;5790
589;1774195003270,024424;250;169;13766;8573;34311;5790
590;1774195003370,021168;250;169;14366;8578;34311;5839
591;1774195003470,025616;250;170;13956;8578;34326;5883
592;1774195003570,022200;250;171;13767;8581;34343;5923
593;1774195003670,025032;250;172;13677;8586;34358;5923
594;1774195003770,037312;250;172;14277;8589;34358;5961
595;1774195003870,026464;250;173;14059;8589;34372;5992
596;1774195003970,026232;250;174;14004;8593;34392;6024
597;1774195004070,014400;250;175;13963;8598;34407;6056
598;1774195004170,015808;250;176;13927;8602;34416;6056
599;1774195004270,017040;250;176;14423;8604;34416;6085
600;1774195004370,021328;250;177;14280;8604;34427;6111
601;1774195004470,016960;250;178;14231;8607;34439;6140
602;1774195004570,015008;250;178;14146;8610;34450;6140
603;1774195004670,027880;250;178;14564;8613;34450;6172
604;1774195004770,015720;250;179;14321;8613;34465;6215
605;1774195004870,016584;250;180;13964;8616;34479;6256
606;1774195004970,022344;250;181;13761;8620;34491;6256
607;1774195005070,014920;250;181;14284;8623;34491;6285
608;1774195005170,015800;250;182;14158;8623;34499;6317
609;1774195005270,016208;250;183;14022;8625;34511;6343
610;1774195005370,030224;250;184;14020;8628;34523;6343
611;1774195005470,015008;250;184;14446;8631;34523;6366
612;1774195005570,016216;250;184;14352;8631;34525;6386
613;1774195005670,021072;250;185;14333;8631;34528;6412
614;1774195005770,021088;250;186;14223;8632;34540;6412
615;1774195005870,022512;250;186;14578;8635;34540;6444
616;1774195005970,023600;250;187;14293;8635;34543;6470
617;1774195006070,028448;250;187;14191;8636;34549;6499
618;1774195006170,016576;250;188;14069;8637;34560;6531
619;1774195006270,023992;250;189;13935;8640;34569;6531
620;1774195006370,027176;250;189;14364;8642;34569;6557
621;1774195006470,021128;250;190;14223;8642;34580;6577
622;1774195006570,017184;250;190;14223;8645;34586;6597
623;1774195006670,026808;250;191;14219;8647;34604;6597
624;1774195006770,023144;250;191;14553;8651;34604;6620
625;1774195006870,017048;250;191;14395;8651;34601;6644
626;1774195006970,013992;250;192;14284;8650;34612;6670
627;1774195007070,022416;250;193;14162;8653;34624;6670
628;1774195007170,024616;250;193;14506;8656;34624;6693
629;1774195007270,025384;250;193;14357;8656;34633;6713
630;1774195007370,030304;250;194;14303;8658;34641;6727
631;1774195007470,022784;250;194;14360;8660;34644;6727
632;1774195007570,038936;250;194;14636;8661;34644;6759
633;1774195007670,022560;250;195;14299;8661;34650;6774
634;1774195007770,025000;250;195;14354;8662;34659;6803
635;1774195007870,023384;250;196;14151;8665;34664;6803
636;1774195007970,021904;250;196;14487;8666;34664;6826
637;1774195008070,024672;250;197;14332;8666;34676;6849
638;1774195008170,032608;250;198;14227;8669;34682;6872
639;1774195008270,026416;250;198;14151;8670;34693;6889
640;1774195008370,015856;250;199;14192;8673;34696;6889
641;1774195008470,016560;250;199;14503;8674;34696;6907
642;1774195008570,015672;250;199;14428;8674;34702;6918
643;1774195008670,027320;250;199;14473;8675;34702;6939
644;1774195008770,014328;250;200;14358;8675;34696;6939
645;1774195008870,022840;250;200;14611;8674;34696;6959
646;1774195008970,021288;250;201;14451;8674;34688;6982
647;1774195009070,024976;250;201;14289;8672;34682;7002
648;1774195009170,025784;250;202;14223;8670;34679;7002
649;1774195009270,014952;250;202;14510;8670;34679;7025
650;1774195009370,025016;250;203;14324;8670;34673;7043
651;1774195009470,026112;250;203;14287;8668;34667;7060
652;1774195009570,037680;250;204;14258;8667;34656;7060
653;1774195009670,017048;250;204;14521;8664;34656;7078
654;1774195009770,015664;250;204;14416;8664;34644;7092
655;1774195009870,024456;250;205;14387;8661;34630;7109
656;1774195009970,016384;250;205;14315;8657;34618;7130
657;1774195010070,026128;250;206;14214;8655;34606;7130
658;1774195010170,017120;250;206;14476;8652;34606;7150
659;1774195010270,021968;250;207;14323;8652;34595;7159
660;1774195010370,020936;250;207;14403;8649;34589;7170
661;1774195010470,025184;250;207;14410;8647;34583;7170
662;1774195010570,024544;250;207;14605;8646;34583;7188
663;1774195010670,024072;250;208;14454;8646;34575;7205
664;1774195010770,025184;250;208;14347;8644;34560;7225
665;1774195010870,024672;250;209;14220;8640;34543;7225
666;1774195010970,022128;250;209;14462;8636;34543;7242
667;1774195011070,022760;250;210;14345;8636;34531;7260
668;1774195011170,016816;250;210;14259;8633;34514;7274
669;1774195011270,027056;250;211;14241;8628;34499;7274
670;1774195011370,024344;250;211;14465;8625;34499;7283
671;1774195011470,014776;250;211;14479;8625;34485;7295
672;1774195011570,016976;250;212;14435;8621;34473;7303
673;1774195011670,025136;250;212;14452;8618;34462;7303
674;1774195011770,025072;250;212;14606;8615;34462;7318
675;1774195011870,027248;250;212;14476;8615;34450;7332
676;1774195011970,026744;250;213;14383;8613;34442;7347
677;1774195012070,015096;250;213;14317;8610;34430;7361
678;1774195012170,021592;250;214;14268;8607;34427;7361
679;1774195012270,020896;250;214;14474;8607;34427;7373
680;1774195012370,024944;250;214;14424;8607;34418;7381
681;1774195012470,021936;250;214;14434;8605;34407;7387
682;1774195012570,029240;250;215;14486;8602;34401;7387
683;1774195012670,016272;250;215;14620;8600;34401;7396
684;1774195012770,017088;250;215;14570;8600;34398;7407
685;1774195012870,021536;250;215;14488;8600;34401;7425
686;1774195012970,015632;250;216;14338;8600;34401;7425
687;1774195013070,016848;250;216;14520;8600;34401;7439
688;1774195013170,025232;250;216;14405;8600;34395;7457
689;1774195013270,026120;250;217;14275;8599;34392;7465
690;1774195013370,025128;250;217;14328;8598;34384;7465
691;1774195013470,026488;250;217;14504;8596;34384;7474
692;1774195013570,022144;250;217;14483;8596;34381;7480
693;1774195013670,021784;250;218;14516;8595;34378;7488
694;1774195013770,016912;250;218;14490;8594;34378;7488
695;1774195013870,017104;250;218;14618;8594;34378;7497
696;1774195013970,022312;250;218;14563;8594;34378;7506
697;1774195014070,015728;250;218;14526;8594;34378;7520
698;1774195014170,015344;250;219;14404;8594;34372;7520
699;1774195014270,030904;250;219;14558;8593;34369;7532
700;1774195014370,015504;250;219;14472;8592;34369;7543
701;1774195014470,021824;250;219;14413;8592;34366;7552
702;1774195014570,025792;250;220;14419;8592;34375;7558
703;1774195014670,021816;250;220;14473;8594;34372;7558
704;1774195014770,021128;250;220;14603;8593;34372;7564
705;1774195014870,017088;250;220;14599;8593;34375;7569
706;1774195014970,029776;250;220;14597;8594;34384;7581
707;1774195015070,022056;250;220;14504;8596;34384;7581
708;1774195015170,014960;250;220;14629;8596;34384;7590
709;1774195015270,023968;250;221;14572;8596;34387;7598
710;1774195015370,025200;250;221;14534;8597;34384;7607
711;1774195015470,014896;250;221;14507;8596;34387;7607
712;1774195015570,013544;250;221;14633;8597;34387;7633
713;1774195015670,024624;250;222;14288;8597;34387;7624
714;1774195015770,022512;250;222;14624;8597;34389;7642
715;1774195015870,016544;250;222;14425;8597;34395;7642
716;1774195015970,027848;250;222;14576;8599;34395;7648
717;1774195016070,016016;250;222;14582;8599;34401;7656
718;1774195016170,014496;250;223;14541;8600;34404;7665
719;1774195016270,017128;250;223;14513;8601;34410;7677
720;1774195016370,021960;250;223;14446;8602;34421;7677
721;1774195016470,020824;250;223;14593;8605;34421;7685
722;1774195016570,025640;250;223;14548;8605;34436;7691
723;1774195016670,025264;250;223;14569;8609;34450;7700
724;1774195016770,021672;250;224;14538;8613;34465;7700
725;1774195016870,013656;250;223;14662;8616;34465;7705
726;1774195016970,023704;250;224;14648;8616;34482;7717
727;1774195017070,031736;250;224;14550;8621;34497;7729
728;1774195017170,015208;250;224;14482;8624;34514;7729
729;1774195017270,021744;250;224;14629;8628;34514;7743
730;1774195017370,016592;250;224;14486;8628;34528;7758
731;1774195017470,014984;250;225;14391;8632;34528;7763
732;1774195017570,014400;250;225;14464;8632;34520;7763
733;1774195017670,021624;250;225;14605;8630;34520;7772
734;1774195017770,022560;250;225;14561;8630;34499;7781
735;1774195017870,014704;250;226;14522;8625;34482;7789
736;1774195017970,017208;250;226;14493;8621;34479;7789
737;1774195018070,020840;250;226;14620;8620;34499;7801
738;1774195018170,022120;250;226;14523;8625;34499;7804
739;1774195018270,017336;250;226;14594;8625;34520;7818
740;1774195018370,016848;250;226;14459;8630;34528;7821
741;1774195018470,027120;250;227;14554;8632;34520;7821
742;1774195018570,022944;250;227;14661;8630;34520;7827
743;1774195018670,026616;250;227;14642;8630;34505;7836
744;1774195018770,031160;250;227;14576;8626;34485;7844
745;1774195018870,028584;250;227;14526;8621;34453;7844
746;1774195018970,029544;250;228;14629;8613;34453;7847
747;1774195019070,015680;250;228;14659;8613;34421;7853
748;1774195019170,028640;250;228;14622;8605;34398;7859
749;1774195019270,022304;250;228;14596;8600;34378;7859
750;1774195019370,021248;250;229;14672;8594;34378;7865
751;1774195019470,027776;250;229;14635;8594;34361;7873
752;1774195019570,021992;250;229;14555;8590;34349;7879
753;1774195019670,016832;250;229;14548;8587;34323;7879
754;1774195019770,026584;250;230;14633;8581;34323;7888
755;1774195019870,024992;250;230;14554;8581;34294;7896
756;1774195019970,029512;250;230;14488;8573;34265;7902
757;1774195020070,016368;250;231;14487;8566;34213;7902
758;1774195020170,028144;250;231;14570;8553;34213;7911
759;1774195020270,021776;250;231;14496;8553;34170;7914
760;1774195020370,022280;250;232;14524;8542;34117;7914
761;1774195020470,027768;250;232;14584;8529;34068;7917
762;1774195020570,015808;250;232;14572;8517;34022;7917
763;1774195020670,015896;250;233;14609;8505;34022;7917
764;1774195020770,016968;250;233;14646;8505;33976;7920
765;1774195020870,296472;250;233;14609;8494;33938;7925
766;1774195020970,027424;250;234;14534;8485;33898;7925
767;1774195021070,026672;250;234;14574;8474;33898;7931
768;1774195021170,014744;250;234;14516;8474;33857;7937
769;1774195021270,016200;250;234;14462;8464;33811;7937
770;1774195021370,017080;250;235;14514;8453;33762;7937
771;1774195021470,016928;250;235;14544;8440;33762;7940
772;1774195021570,014840;250;235;14529;8440;33727;7940
773;1774195021670,014896;250;235;14555;8432;33721;7937
774;1774195021770,024528;250;235;14629;8430;33727;7937
775;1774195021870,027504;250;235;14637;8432;33727;7937
776;1774195021970,022576;250;235;14643;8432;33715;7940
777;1774195022070,025392;250;235;14597;8429;33689;7943
778;1774195022170,023824;250;236;14560;8422;33669;7943
779;1774195022270,024960;250;236;14583;8417;33669;7948
780;1774195022370,021040;250;236;14509;8417;33643;7954
781;1774195022470,021408;250;236;14449;8411;33626;7957
782;1774195022570,013272;250;237;14455;8406;33620;7957
783;1774195022670,022920;250;237;14510;8405;33620;7963
784;1774195022770,016896;250;237;14453;8405;33620;7963
785;1774195022870,024224;250;237;14510;8405;33623;7960
786;1774195022970,032296;250;237;14599;8406;33611;7957
787;1774195023070,023144;250;237;14656;8403;33634;7957
788;1774195023170,025624;250;237;14661;8409;33634;7960
789;1774195023270,024768;250;237;14613;8409;33643;7966
790;1774195023370,017160;250;237;14536;8411;33652;7972
791;1774195023470,015744;250;237;14484;8413;33657;7972
792;1774195023570,016472;250;237;14545;8414;33657;7977
793;1774195023670,025024;250;237;14489;8414;33666;7977
794;1774195023770,026392;250;237;14550;8417;33681;7986
795;1774195023870,030768;250;237;14451;8420;33704;7986
796;1774195023970,021400;250;237;14531;8426;33704;7983
797;1774195024070,014520;250;237;14628;8426;33721;7986
798;1774195024170,016064;250;237;14607;8430;33744;7983
799;1774195024270,027400;250;237;14693;8436;33770;7983
800;1774195024370,015200;250;236;14709;8443;33770;7992
801;1774195024470,021088;250;237;14572;8443;33799;7998
802;1774195024570,021032;250;237;14536;8450;33834;8001
803;1774195024670,026264;250;236;14564;8458;33872;8001
804;1774195024770,022584;250;236;14637;8468;33872;8006
805;1774195024870,016336;250;236;14593;8476;33903;8012
806;1774195024970,021680;250;236;14555;8476;33929;8015
807;1774195025070,021152;250;236;14586;8482;33958;8018
808;1774195025170,023976;250;236;14610;8490;33987;8018
809;1774195025270,022264;250;236;14679;8497;33987;8018
810;1774195025370,026616;250;236;14719;8497;34031;8024
811;1774195025470,017008;250;236;14667;8508;34065;8030
812;1774195025570,017192;250;236;14634;8516;34100;8030
813;1774195025670,028952;250;235;14711;8525;34100;8030
814;1774195025770,021312;250;235;14755;8525;34123;8041
815;1774195025870,017328;250;236;14603;8531;34155;8044
816;1774195025970,016328;250;236;14648;8539;34178;8044
817;1774195026070,016400;250;235;14726;8545;34178;8047
818;1774195026170,026416;250;235;14727;8545;34198;8056
819;1774195026270,021640;250;236;14639;8550;34222;8064
820;1774195026370,027512;250;236;14581;8555;34236;8064
821;1774195026470,022232;250;236;14683;8559;34236;8058
822;1774195026570,023624;250;235;14845;8559;34253;8067
823;1774195026670,023520;250;236;14725;8563;34274;8070
824;1774195026770,021352;250;235;14741;8568;34294;8073
825;1774195026870,016736;250;235;14754;8573;34308;8073
826;1774195026970,017016;250;235;14812;8577;34308;8084
827;1774195027070,025608;250;236;14657;8577;34326;8090
828;1774195027170,026504;250;236;14652;8581;34340;8096
829;1774195027270,015880;250;236;14648;8585;34352;8096
830;1774195027370,023440;250;236;14740;8588;34352;8105
831;1774195027470,016536;250;236;14657;8588;34366;8111
832;1774195027570,014520;250;236;14652;8592;34381;8116
833;1774195027670,017280;250;236;14649;8595;34392;8116
834;1774195027770,022552;250;236;14742;8598;34392;8119
835;1774195027870,021208;250;236;14755;8598;34407;8122
836;1774195027970,017296;250;236;14769;8602;34416;8125
837;1774195028070,026304;250;236;14778;8604;34427;8125
838;1774195028170,021008;250;236;14835;8607;34427;8128
839;1774195028270,017192;250;236;14824;8607;34439;8134
840;1774195028370,015392;250;236;14773;8610;34447;8142
841;1774195028470,016336;250;236;14690;8612;34453;8142
842;1774195028570,057080;250;236;14775;8613;34453;8145
843;1774195028670,030152;250;236;14785;8613;34456;8151
844;1774195028770,031512;250;237;14744;8614;34459;8160
845;1774195028870,015480;250;237;14668;8615;34470;8160
846;1774195028970,015920;250;237;14762;8618;34470;8166
847;1774195029070,021024;250;237;14727;8618;34479;8171
848;1774195029170,023264;250;237;14706;8620;34482;8174
849;1774195029270,017144;250;237;14737;8621;34485;8177
850;1774195029370,016224;250;237;14758;8621;34488;8177
851;1774195029470,023848;250;237;14820;8622;34488;8183
852;1774195029570,025960;250;237;14767;8622;34494;8186
853;1774195029670,015352;250;237;14780;8623;34497;8189
854;1774195029770,015080;250;237;14789;8624;34502;8189
855;1774195029870,140488;250;237;14844;8626;34502;8194
856;1774195029970,025416;250;238;14785;8626;34511;8209
857;1774195030070,014456;250;238;14603;8628;34514;8215
858;1774195030170,020984;250;238;14618;8628;34520;8215
859;1774195030270,023008;250;238;14724;8630;34520;8220
860;1774195030370,017256;250;238;14699;8630;34523;8223
861;1774195030470,027704;250;238;14729;8631;34531;8226
862;1774195030570,017048;250;238;14752;8633;34540;8226
863;1774195030670,015400;250;238;14816;8635;34540;8232
864;1774195030770,017072;250;238;14762;8635;34549;8238
865;1774195030870,017296;250;238;14727;8637;34554;8244
866;1774195030970,017232;250;239;14703;8639;34566;8244
867;1774195031070,014584;250;238;14783;8641;34566;8249
868;1774195031170,028432;250;239;14739;8641;34578;8258
869;1774195031270,016736;250;239;14665;8644;34580;8258
870;1774195031370,015152;250;239;14754;8645;34586;8261
871;1774195031470,020880;250;239;14768;8647;34595;8261
872;1774195031570,024688;250;239;14827;8649;34595;8264
873;1774195031670,021232;250;239;14818;8649;34592;8267
874;1774195031770,024544;250;239;14811;8648;34601;8275
875;1774195031870,014496;250;239;14713;8650;34609;8275
876;1774195031970,016176;250;239;14790;8652;34609;8287
877;1774195032070,015328;250;239;14649;8652;34612;8290
878;1774195032170,039424;250;240;14694;8653;34618;8296
879;1774195032270,033176;250;240;14678;8655;34627;8296
880;1774195032370,029528;250;240;14763;8657;34627;8296
881;1774195032470,025168;250;240;14818;8657;34630;8296
882;1774195032570,016184;250;240;14858;8657;34633;8299
883;1774195032670,023000;250;240;14838;8658;34638;8299
884;1774195032770,017032;250;240;14874;8660;34638;8302
885;1774195032870,016160;250;240;14850;8660;34647;8307
886;1774195032970,022136;250;240;14789;8662;34650;8316
887;1774195033070,022440;250;240;14697;8662;34659;8316
888;1774195033170,025192;250;240;14779;8665;34659;8319
889;1774195033270,015664;250;240;14785;8665;34664;8325
890;1774195033370,021800;250;240;14743;8666;34664;8328
891;1774195033470,016704;250;240;14759;8666;34661;8330
892;1774195033570,016288;250;240;14769;8665;34667;8330
893;1774195033670,017112;250;240;14825;8667;34667;8333
894;1774195033770,016216;250;240;14815;8667;34670;8336
895;1774195033870,024408;250;240;14809;8668;34673;8339
896;1774195033970,025056;250;241;14805;8668;34679;8339
897;1774195034070,016064;250;240;14851;8670;34679;8348
898;1774195034170,015456;250;241;14738;8670;34685;8351
899;1774195034270,021456;250;241;14757;8671;34685;8351
900;1774195034370,024768;250;241;14816;8671;34693;8351
901;1774195034470,025456;250;241;14859;8673;34693;8351
902;1774195034570,017288;250;241;14887;8673;34690;8351
903;1774195034670,026640;250;241;14906;8673;34699;8356
904;1774195034770,022088;250;241;14828;8675;34708;8356
905;1774195034870,014840;250;241;14871;8677;34708;8356
906;1774195034970,014944;250;241;14899;8677;34714;8383
907;1774195035070,023888;250;241;14489;8678;34716;8368
908;1774195035170,016528;250;241;14874;8679;34725;8368
909;1774195035270,022456;250;241;14902;8681;34725;8374
910;1774195035370,024920;250;241;14824;8681;34731;8383
911;1774195035470,024848;250;241;14724;8683;34731;8377
912;1774195035570,016568;250;241;14892;8683;34731;8380
913;1774195035670,029760;250;241;14864;8683;34734;8380
914;1774195035770,256536;250;241;14895;8683;34734;8377
915;1774195035870,029480;250;241;14963;8683;34742;8385
916;1774195035970,023808;250;241;14823;8686;34754;8388
917;1774195036070,024240;250;241;14824;8689;34766;8388
918;1774195036170,022080;250;241;14874;8691;34766;8394
919;1774195036270,021744;250;241;14809;8691;34774;8400
920;1774195036370,030840;250;242;14767;8694;34783;8403
921;1774195036470,021616;250;242;14786;8696;34792;8403
922;1774195036570,021736;250;242;14847;8698;34792;8406
923;1774195036670,026440;250;242;14839;8698;34797;8409
924;1774195036770,031672;250;242;14835;8699;34800;8411
925;1774195036870,024928;250;242;14832;8700;34815;8411
926;1774195036970,024336;250;242;14881;8704;34815;8420
927;1774195037070,025400;250;242;14768;8704;34826;8426
928;1774195037170,025032;250;242;14741;8707;34841;8432
929;1774195037270,013896;250;242;14723;8710;34855;8432
930;1774195037370,016976;250;242;14807;8714;34867;8432
931;1774195037470,030640;250;242;14864;8717;34867;8432
932;1774195037570,016392;250;242;14901;8717;34873;8438
933;1774195037670,015632;250;242;14832;8718;34878;8435
934;1774195037770,016544;250;242;14929;8720;34890;8435
935;1774195037870,015072;250;242;14951;8723;34890;8440
936;1774195037970,021752;250;242;14868;8723;34896;8452
937;1774195038070,023568;250;242;14717;8724;34910;8452
938;1774195038170,024992;250;242;14807;8728;34928;8452
939;1774195038270,027800;250;242;14870;8732;34928;8458
940;1774195038370,032528;250;242;14813;8732;34936;8461
941;1774195038470,032680;250;242;14824;8734;34939;8461
942;1774195038570,015432;250;242;14878;8735;34948;8461
943;1774195038670,023136;250;242;14917;8737;34948;8464
944;1774195038770,023368;250;242;14894;8737;34951;8466
945;1774195038870,022872;250;242;14880;8738;34954;8472
946;1774195038970,025096;250;242;14822;8738;34962;8472
947;1774195039070,027672;250;242;14879;8741;34962;8475
948;1774195039170,029632;250;242;14868;8741;34974;8481
949;1774195039270,024952;250;242;14817;8743;34980;8484
950;1774195039370,025584;250;243;14828;8745;34983;8484
951;1774195039470,024704;250;243;14882;8746;34983;8487
952;1774195039570,023440;250;243;14870;8746;34983;8487
953;1774195039670,023024;250;243;14909;8746;34986;8490
954;1774195039770,022080;250;243;14890;8746;34986;8490
955;1774195039870,029504;250;243;14923;8746;34986;8490
956;1774195039970,047528;250;243;14947;8746;34986;8495
957;1774195040070,025896;250;243;14868;8746;34986;8501
958;1774195040170,024952;250;243;14812;8746;34988;8504
959;1774195040270,038208;250;243;14822;8747;34991;8504
960;1774195040370,025312;250;243;14877;8748;34991;8501
961;1774195040470,025984;250;243;14961;8748;34997;8510
962;1774195040570,026408;250;243;14830;8749;34997;8507
963;1774195040670,022384;250;243;14929;8749;34994;8507
964;1774195040770,015712;250;243;14949;8749;34994;8510
965;1774195040870,024624;250;243;14915;8749;34994;8510
966;1774195040970,029656;250;243;14941;8749;34991;8513
967;1774195041070,023528;250;243;14909;8748;34991;8513
968;1774195041170,024616;250;243;14936;8748;34991;8513
969;1774195041270,025584;250;243;14955;8748;34991;8516
970;1774195041370,016304;250;243;14921;8748;34988;8516
971;1774195041470,021920;250;243;14944;8747;34986;8519
972;1774195041570,025504;250;243;14913;8746;34988;8519
973;1774195041670,022712;250;243;14940;8747;34988;8521
974;1774195041770,024728;250;244;14911;8747;34986;8521
975;1774195041870,022816;250;244;14938;8746;34983;8527
976;1774195041970,031504;250;244;14860;8746;34977;8527
977;1774195042070,015680;250;244;14901;8744;34977;8530
978;1774195042170,020968;250;244;14882;8744;34974;8533
979;1774195042270,026432;250;244;14867;8743;34974;8539
980;1774195042370,021592;250;244;14810;8743;34983;8539
981;1774195042470,015752;250;244;14868;8746;34983;8539
982;1774195042570,016296;250;244;14905;8746;34977;8539
983;1774195042670,016848;250;244;14929;8744;34974;8542
984;1774195042770,048144;250;244;14897;8743;34971;8542
985;1774195042870,021056;250;244;14924;8743;34971;8545
986;1774195042970,027888;250;244;14894;8743;34971;8550
987;1774195043070,014496;250;244;14826;8743;34971;8542
988;1774195043170,020912;250;244;15018;8743;34974;8542
989;1774195043270,029608;250;244;15009;8743;34974;8565
990;1774195043370,016832;250;245;14619;8743;34974;8568
991;1774195043470,023288;250;245;14682;8743;34974;8568
992;1774195043570,025056;250;245;14772;8743;34974;8568
993;1774195043670,021928;250;245;14832;8743;34974;8568
994;1774195043770,016128;250;245;14872;8743;34974;8568
995;1774195043870,017024;250;245;14900;8743;34971;8565
996;1774195043970,014784;250;245;14966;8743;34971;8565
997;1774195044070,013472;250;245;14965;8743;34968;8565
998;1774195044170,016936;250;245;14964;8742;34968;8568
999;1774195044270,025296;250;245;14917;8742;34971;8571
1000;1774195044370,023752;250;245;14886;8743;34974;8573
1001;1774195044470,015112;250;245;14864;8743;34977;8573
1002;1774195044570,017000;250;245;14897;8744;34977;8576
1003;1774195044670,016200;250;245;14871;8744;34980;8576
1004;1774195044770,021608;250;245;14902;8745;34980;8576
1005;1774195044870,016752;250;245;14922;8745;34983;8576
1006;1774195044970,025352;250;245;14938;8746;34983;8576
1007;1774195045070,037856;250;245;14948;8746;34986;8579
1008;1774195045170,021848;250;245;14908;8746;34986;8582
1009;1774195045270,015568;250;245;14880;8746;34991;8585
1010;1774195045370,026768;500;245;14863;8748;34991;8585
1011;1774195045470,023064;500;245;27459;17496;34991;8582
1012;1774195045570,014976;500;245;27641;17496;34997;8585
1013;1774195045670,016168;500;245;27709;17499;34994;8600
1014;1774195045770,026712;500;246;27594;17497;34991;8600
1015;1774195045870,023360;500;246;27785;17496;34991;8675
1016;1774195045970,015504;500;248;26704;17496;34988;8834
1017;1774195046070,015912;500;252;24584;17494;34986;9077
1018;1774195046170,016696;500;259;21725;17493;34983;9077
1019;1774195046270,015760;500;259;23748;17491;34983;9401
1020;1774195046370,023456;500;269;19750;17491;34983;9708
1021;1774195046470,025032;500;278;17224;17491;34986;10000
1022;1774195046570,026696;500;286;15636;17493;34988;10000
1023;1774195046670,021024;500;286;19284;17494;34988;10252
1024;1774195046770,025752;500;293;17558;17494;34988;10451
1025;1774195046870,024464;500;299;17154;17494;34988;10602
1026;1774195046970,030400;500;303;17610;17494;34991;10602
1027;1774195047070,025088;500;303;20347;17496;34991;10723
1028;1774195047170,022728;500;306;20175;17496;34991;10804
1029;1774195047270,017120;500;309;20686;17496;34991;10885
1030;1774195047370,027048;500;311;21004;17496;34994;10998
1031;1774195047470,026000;500;314;20668;17497;34991;10998
1032;1774195047570,014496;500;314;22272;17496;34991;11140
1033;1774195047670,032320;500;318;21013;17496;34991;11291
1034;1774195047770,022816;500;323;19974;17496;34988;11453
1035;1774195047870,026128;500;327;19025;17494;34986;11453
1036;1774195047970,016896;500;327;21010;17493;34986;11612
1037;1774195048070,015616;500;332;19713;17493;34983;11736
1038;1774195048170,025232;500;335;19355;17491;34980;11852
1039;1774195048270,026224;500;339;19209;17490;34974;11852
1040;1774195048370,016440;500;339;20982;17487;34974;11956
1041;1774195048470,016608;500;342;20457;17487;34968;12052
1042;1774195048570,023896;500;345;20208;17484;34965;12150
1043;1774195048670,021032;500;347;19960;17483;34965;12150
1044;1774195048770,014784;500;347;21392;17483;34965;12269
1045;1774195048870,021888;500;351;20396;17483;34965;12364
1046;1774195048970,025504;500;354;20069;17483;34959;12477
1047;1774195049070,021272;500;357;19523;17480;34957;12477
1048;1774195049170,016000;500;357;20986;17478;34957;12590
1049;1774195049270,026512;500;360;20107;17478;34951;12685
1050;1774195049370,021672;500;363;19759;17475;34945;12778
1051;1774195049470,023096;500;366;19538;17473;34945;12870
1052;1774195049570,012528;500;368;19356;17473;34942;12870
1053;1774195049670,021368;500;368;20733;17471;34942;12954
1054;1774195049770,022032;500;371;20275;17471;34936;13030
1055;1774195049870,024408;500;373;20079;17468;34931;13111
1056;1774195049970,028680;500;375;19824;17465;34925;13111
1057;1774195050070,021024;500;375;20967;17462;34925;13192
1058;1774195050170,023208;500;378;20402;17462;34922;13267
1059;1774195050270,182720;500;380;20089;17461;34919;13348
1060;1774195050370,027848;500;382;19757;17459;34913;13348
1061;1774195050470,016528;500;382;20846;17457;34913;13429
1062;1774195050570,015832;500;385;20245;17457;34907;13501
1063;1774195050670,026864;500;387;19953;17454;34907;13576
1064;1774195050770,015576;500;389;19687;17454;34905;13576
1065;1774195050870,026216;500;389;20727;17452;34905;13652
1066;1774195050970,025400;500;391;20186;17452;34905;13718
1067;1774195051070,016424;500;393;19942;17452;34905;13785
1068;1774195051170,016768;500;395;19755;17452;34902;13785
1069;1774195051270,013688;500;395;20708;17451;34902;13848
1070;1774195051370,024872;500;397;20300;17451;34902;13912
1071;1774195051470,038112;500;399;20007;17451;34902;13979
1072;1774195051570,014952;500;401;19740;17451;34905;14048
1073;1774195051670,014832;500;402;19491;17452;34905;14048
1074;1774195051770,016408;500;402;20449;17452;34905;14109
1075;1774195051870,016336;500;404;20091;17452;34905;14155
1076;1774195051970,022840;500;406;20070;17452;34905;14207
1077;1774195052070,016432;500;407;19946;17452;34899;14207
1078;1774195052170,015760;500;407;20705;17449;34899;14259
1079;1774195052270,021392;500;409;20361;17449;34893;14311
1080;1774195052370,027176;500;410;20111;17446;34899;14369
1081;1774195052470,015480;500;412;19837;17449;34902;14369
1082;1774195052570,015440;500;412;20593;17451;34902;14430
1083;1774195052670,016960;500;413;20097;17451;34905;14479
1084;1774195052770,016168;500;415;19939;17452;34905;14531
1085;1774195052870,016400;500;416;19767;17452;34902;14531
1086;1774195052970,016752;500;416;20495;17451;34902;14578
1087;1774195053070,030536;500;418;20224;17451;34899;14618
1088;1774195053170,030088;500;419;20122;17449;34896;14659
1089;1774195053270,015664;500;420;20040;17448;34890;14659
1090;1774195053370,022104;500;420;20643;17445;34896;14705
1091;1774195053470,022416;500;421;20293;17448;34896;14751
1092;1774195053570,043248;500;423;20042;17448;34899;14795
1093;1774195053670,025096;500;424;19908;17449;34902;14841
1094;1774195053770,030288;500;425;19757;17451;34902;14841
1095;1774195053870,016200;500;425;20406;17451;34902;14878
1096;1774195053970,021592;500;426;20224;17451;34905;14910
1097;1774195054070,016280;500;427;20189;17452;34902;14942
1098;1774195054170,016936;500;428;20154;17451;34902;14942
1099;1774195054270,017296;500;428;20651;17451;34902;14977
1100;1774195054370,021448;500;429;20415;17451;34907;15012
1101;1774195054470,026296;500;430;20252;17454;34907;15046
1102;1774195054570,015208;500;431;20131;17454;34910;15046
1103;1774195054670,016616;500;431;20617;17455;34910;15084
1104;1774195054770,015776;500;432;20324;17455;34910;15122
1105;1774195054870,020912;500;433;20118;17455;34910;15156
1106;1774195054970,016784;500;434;20015;17455;34916;15156
1107;1774195055070,015616;500;434;20516;17458;34916;15194
1108;1774195055170,024792;500;435;20231;17458;34916;15226
1109;1774195055270,025624;500;436;20125;17458;34916;15260
1110;1774195055370,024088;500;437;19996;17458;34913;15260
1111;1774195055470,028832;500;437;20473;17457;34913;15289
1112;1774195055570,021816;500;438;20320;17457;34913;15315
1113;1774195055670,016968;500;439;20258;17457;34913;15341
1114;1774195055770,025992;500;439;20210;17457;34916;15376
1115;1774195055870,017288;500;440;20029;17458;34919;15376
1116;1774195055970,023480;500;440;20474;17459;34919;15405
1117;1774195056070,015096;500;441;20296;17459;34919;15428
1118;1774195056170,026432;500;442;20265;17459;34922;15457
1119;1774195056270,016280;500;443;20145;17461;34922;15457
1120;1774195056370,021744;500;443;20535;17461;34922;15486
1121;1774195056470,022664;500;443;20322;17461;34919;15506
1122;1774195056570,015968;500;444;20314;17459;34922;15532
1123;1774195056670,021152;500;445;20211;17461;34925;15532
1124;1774195056770,026376;500;445;20568;17462;34925;15564
1125;1774195056870,015424;500;446;20284;17462;34928;15590
1126;1774195056970,022936;500;446;20182;17464;34931;15613
1127;1774195057070,022048;500;447;20155;17465;34933;15613
1128;1774195057170,021336;500;447;20516;17467;34933;15639
1129;1774195057270,024152;500;448;20330;17467;34936;15660
1130;1774195057370,026128;500;448;20296;17468;34936;15683
1131;1774195057470,029744;500;449;20220;17468;34933;15683
1132;1774195057570,024640;500;449;20544;17467;34933;15703
1133;1774195057670,022904;500;450;20432;17467;34933;15723
1134;1774195057770,027600;500;450;20353;17467;34936;15747
1135;1774195057870,016208;500;451;20250;17468;34936;15767
1136;1774195057970,021752;500;451;20221;17468;34936;15767
1137;1774195058070,015632;500;451;20533;17468;34936;15784
1138;1774195058170,015752;500;452;20459;17468;34939;15802
1139;1774195058270,024696;500;452;20409;17470;34939;15822
1140;1774195058370,023336;500;453;20322;17470;34936;15822
1141;1774195058470,016240;500;453;20594;17468;34936;15842
1142;1774195058570,016256;500;453;20446;17468;34936;15859
1143;1774195058670,021832;500;454;20390;17468;34942;15880
1144;1774195058770,027720;500;454;20306;17471;34939;15880
1145;1774195058870,024904;500;454;20576;17470;34939;15900
1146;1774195058970,033072;500;455;20426;17470;34945;15917
1147;1774195059070,021576;500;455;20374;17473;34948;15940
1148;1774195059170,021680;500;456;20239;17474;34948;15940
1149;1774195059270,016136;500;456;20524;17474;34948;15958
1150;1774195059370,017288;500;457;20431;17474;34945;15972
1151;1774195059470,030720;500;457;20412;17473;34942;15992
1152;1774195059570,014192;500;458;20300;17471;34945;16007
1153;1774195059670,026384;500;458;20319;17473;34951;16007
1154;1774195059770,015848;500;458;20571;17475;34951;16024
1155;1774195059870,014984;500;458;20455;17475;34951;16039
1156;1774195059970,023504;500;459;20421;17475;34948;16053
1157;1774195060070,022856;500;459;20393;17474;34951;16053
1158;1774195060170,022664;500;459;20616;17475;34951;16073
1159;1774195060270,038632;500;460;20432;17475;34948;16088
1160;1774195060370,022944;500;460;20398;17474;34948;16105
1161;1774195060470,025968;500;461;20325;17474;34948;16105
1162;1774195060570,025672;500;461;20560;17474;34948;16123
1163;1774195060670,030272;500;461;20434;17474;34948;16137
1164;1774195060770,021232;500;462;20393;17474;34951;16152
1165;1774195060870,025080;500;462;20365;17475;34948;16152
1166;1774195060970,023880;500;462;20580;17474;34948;16163
1167;1774195061070,273096;500;462;20538;17474;34948;16181
1168;1774195061170,026056;500;463;20412;17474;34948;16192
1169;1774195061270,024936;500;463;20419;17474;34948;16192
1170;1774195061370,026552;500;463;20615;17474;34948;16201
1171;1774195061470,016824;500;464;20606;17474;34951;16212
1172;1774195061570,016944;500;464;20554;17475;34945;16221
1173;1774195061670,014856;500;464;20560;17473;34945;16221
1174;1774195061770,017280;500;464;20711;17473;34945;16233
1175;1774195061870,024576;500;465;20625;17473;34948;16247
1176;1774195061970,021640;500;465;20519;17474;34945;16267
1177;1774195062070,024696;500;466;20347;17473;34942;16282
1178;1774195062170,024696;500;466;20320;17471;34942;16282
1179;1774195062270,016944;500;466;20540;17471;34942;16299
1180;1774195062370,029328;500;466;20403;17471;34939;16302
1181;1774195062470,025312;500;467;20544;17470;34936;16305
1182;1774195062570,016760;500;467;20641;17468;34939;16305
1183;1774195062670,016848;500;467;20759;17470;34939;16317
1184;1774195062770,020904;500;467;20649;17470;34942;16331
1185;1774195062870,054568;500;467;20528;17471;34939;16348
1186;1774195062970,025096;500;468;20392;17470;34942;16348
1187;1774195063070,030184;500;468;20588;17471;34942;16360
1188;1774195063170,025640;500;468;20529;17471;34939;16372
1189;1774195063270,026584;500;469;20486;17470;34939;16380
1190;1774195063370,023896;500;469;20504;17470;34939;16380
1191;1774195063470,021880;500;469;20659;17470;34939;16392
1192;1774195063570,015760;500;469;20575;17470;34939;16398
1193;1774195063670,029760;500;469;20612;17470;34939;16406
1194;1774195063770,029456;500;470;20590;17470;34936;16406
1195;1774195063870,026688;500;470;20717;17468;34936;16418
1196;1774195063970,027144;500;470;20614;17468;34939;16429
1197;1774195064070,025728;500;470;20546;17470;34939;16441
1198;1774195064170,027072;500;471;20497;17470;34936;16453
1199;1774195064270,016368;500;471;20459;17468;34942;16453
1200;1774195064370,026696;500;471;20629;17471;34942;16461
1201;1774195064470,021848;500;471;20599;17471;34936;16467
1202;1774195064570,015584;500;471;20622;17468;34939;16476
1203;1774195064670,022040;500;472;20595;17470;34936;16476
1204;1774195064770,015640;500;472;20717;17468;34936;16487
1205;1774195064870,016992;500;472;20611;17468;34933;16502
1206;1774195064970,021648;500;472;20488;17467;34936;16505
1207;1774195065070,027272;500;472;20597;17468;34931;16505
1208;1774195065170,021080;500;472;20714;17465;34931;16519
1209;1774195065270,016936;500;473;20558;17465;34933;16516
1210;1774195065370,023504;500;473;20740;17467;34928;16531
1211;1774195065470,283976;500;473;20573;17464;34925;16531
1212;1774195065570,021696;500;473;20698;17462;34925;16539
1213;1774195065670,015992;500;474;20643;17462;34925;16548
1214;1774195065770,028728;500;474;20604;17462;34931;16557
1215;1774195065870,016104;500;474;20582;17465;34931;16562
1216;1774195065970,023864;500;474;20610;17465;34931;16562
1217;1774195066070,026424;500;474;20726;17465;34931;16571
1218;1774195066170,022592;500;474;20662;17465;34928;16574
1219;1774195066270,021352;500;475;20712;17464;34928;16583
1220;1774195066370,016216;500;475;20653;17464;34928;16583
1221;1774195066470,026136;500;475;20756;17464;34928;16591
1222;1774195066570,015728;500;475;20684;17464;34928;16600
1223;1774195066670,016256;500;475;20635;17464;34913;16603
1224;1774195066770,014336;500;476;20686;17457;34887;16603
1225;1774195066870,021768;500;476;20758;17444;34887;16612
1226;1774195066970,024608;500;476;20678;17444;34844;16620
1227;1774195067070,022872;500;477;20591;17422;34800;16632
1228;1774195067170,028488;500;478;20474;17400;34789;16632
1229;1774195067270,022040;500;478;20596;17394;34789;16641
1230;1774195067370,021624;500;478;20542;17394;34795;16646
1231;1774195067470,021592;500;478;20556;17397;34800;16649
1232;1774195067570,015040;500;478;20614;17400;34789;16649
1233;1774195067670,021776;500;479;20691;17394;34789;16641
1234;1774195067770,020952;500;478;20895;17394;34769;16655
1235;1774195067870,021104;500;479;20640;17384;34737;16655
1236;1774195067970,017008;500;479;20692;17368;34693;16655
1237;1774195068070,015688;500;480;20713;17347;34693;16670
1238;1774195068170,027728;500;480;20511;17347;34644;16672
1239;1774195068270,025984;500;481;20527;17322;34595;16675
1240;1774195068370,024952;500;482;20527;17297;34557;16675
1241;1774195068470,024312;500;483;20572;17279;34525;16678
1242;1774195068570,030752;500;483;20551;17263;34525;16678
1243;1774195068670,023360;500;483;20601;17263;34502;16678
1244;1774195068770,016880;500;483;20620;17251;34470;16675
1245;1774195068870,022944;500;484;20671;17235;34442;16675
1246;1774195068970,016896;500;484;20656;17221;34442;16672
1247;1774195069070,014768;500;484;20709;17221;34401;16675
1248;1774195069170,026712;500;485;20624;17201;34352;16681
1249;1774195069270,015688;500;486;20503;17176;34303;16681
1250;1774195069370,022576;500;486;20506;17151;34303;16684
1251;1774195069470,015888;500;486;20485;17151;34245;16690
1252;1774195069570,024016;500;487;20382;17122;34190;16690
1253;1774195069670,028176;500;488;20395;17095;34135;16690
1254;1774195069770,016216;500;489;20393;17067;34135;16690
1255;1774195069870,027472;500;489;20418;17067;34086;16684
1256;1774195069970,016912;500;489;20498;17043;34045;16681
1257;1774195070070,014864;500;490;20501;17023;33993;16681
1258;1774195070170,016368;500;491;20441;16997;33993;16672
1259;1774195070270,016456;500;490;20571;16997;33947;16675
1260;1774195070370,021792;500;491;20438;16973;33895;16678
1261;1774195070470,022944;500;492;20334;16947;33843;16675
1262;1774195070570,029464;500;493;20348;16921;33799;16675
1263;1774195070670,022176;500;493;20305;16900;33799;16670
1264;1774195070770,021184;500;493;20394;16900;33779;16672
1265;1774195070870,021624;500;494;20299;16889;33764;16658
1266;1774195070970,016832;500;493;20523;16882;33744;16658
1267;1774195071070,016680;500;494;20433;16872;33744;16652
1268;1774195071170,025144;500;493;20480;16872;33715;16649
1269;1774195071270,026080;500;494;20447;16858;33681;16646
1270;1774195071370,026904;500;494;20416;16840;33646;16646
1271;1774195071470,024824;500;495;20342;16823;33646;16649
1272;1774195071570,026568;500;495;20262;16823;33620;16646
1273;1774195071670,023664;500;495;20285;16810;33600;16644
1274;1774195071770,021480;500;495;20300;16800;33597;16644
1275;1774195071870,015312;500;495;20273;16798;33597;16635
1276;1774195071970,021960;500;495;20400;16798;33594;16623
1277;1774195072070,134224;500;495;20537;16797;33594;16617
1278;1774195072170,025920;500;495;20541;16797;33597;16617
1279;1774195072270,029920;500;495;20453;16798;33597;16612
1280;1774195072370,016712;500;494;20491;16798;33600;16609
1281;1774195072470,023584;500;494;20474;16800;33602;16603
1282;1774195072570,013680;500;494;20515;16801;33608;16603
1283;1774195072670,022728;500;494;20453;16804;33620;16603
1284;1774195072770,022144;500;494;20418;16810;33620;16600
1285;1774195072870,016520;500;494;20438;16810;33643;16600
1286;1774195072970,026040;500;493;20423;16821;33666;16597
1287;1774195073070,017048;500;493;20467;16833;33695;16597
1288;1774195073170,015896;500;493;20462;16848;33695;16591
1289;1774195073270,020944;500;492;20541;16848;33718;16586
1290;1774195073370,152976;500;492;20615;16859;33741;16606
1291;1774195073470,025464;500;492;20243;16871;33776;16606
1292;1774195073570,025960;500;492;20334;16888;33776;16594
1293;1774195073670,015672;500;491;20572;16888;33817;16591
1294;1774195073770,016048;500;491;20623;16908;33854;16591
1295;1774195073870,014976;500;490;20620;16927;33889;16591
1296;1774195073970,015000;500;490;20626;16944;33889;16589
1297;1774195074070,016944;500;489;20664;16944;33921;16589
1298;1774195074170,021200;500;489;20667;16960;33953;16589
1299;1774195074270,025160;500;489;20678;16976;33993;16589
1300;1774195074370,030480;500;488;20701;16997;34036;16589
1301;1774195074470,026312;500;487;20730;17018;34036;16597
1302;1774195074570,025640;500;488;20587;17018;34080;16603
1303;1774195074670,027072;500;487;20568;17040;34117;16609
1304;1774195074770,017192;500;487;20560;17059;34152;16609
1305;1774195074870,021448;500;486;20656;17076;34152;16612
1306;1774195074970,016336;500;486;20657;17076;34181;16617
1307;1774195075070,025632;500;486;20631;17091;34210;16620
1308;1774195075170,017008;500;486;20668;17105;34239;16620
1309;1774195075270,016728;500;485;20747;17120;34239;16620
1310;1774195075370,024696;500;485;20788;17120;34268;16620
1311;1774195075470,021456;500;485;20839;17134;34294;16626
1312;1774195075570,021848;500;485;20783;17147;34320;16626
1313;1774195075670,021864;500;484;20847;17160;34320;16635
1314;1774195075770,028120;500;485;20736;17160;34349;16641
1315;1774195075870,021680;500;484;20728;17174;34372;16646
1316;1774195075970,023032;500;484;20724;17186;34381;16646
1317;1774195076070,021296;500;484;20812;17190;34381;16652
1318;1774195076170,021640;500;484;20772;17190;34401;16655
1319;1774195076270,017064;500;484;20807;17201;34418;16658
1320;1774195076370,021216;500;484;20834;17209;34433;16658
1321;1774195076470,021656;500;484;20902;17216;34433;16661
1322;1774195076570,021656;500;484;20895;17216;34447;16670
1323;1774195076670,021288;500;484;20805;17224;34462;16687
1324;1774195076770,026384;500;484;20602;17231;34476;16698
1325;1774195076870,016856;500;484;20559;17238;34491;16698
1326;1774195076970,027080;500;484;20721;17245;34491;16698
1327;1774195077070,016936;500;484;20824;17245;34508;16704
1328;1774195077170,022656;500;484;20811;17254;34520;16710
1329;1774195077270,023840;500;484;20801;17260;34528;16710
1330;1774195077370,017072;500;484;20891;17264;34528;16716
1331;1774195077470,026840;500;484;20852;17264;34546;16722
1332;1774195077570,015160;500;484;20838;17273;34554;16730
1333;1774195077670,021504;500;484;20777;17277;34563;16730
1334;1774195077770,016776;500;484;20880;17282;34563;16736
1335;1774195077870,025904;500;484;20850;17282;34572;16742
1336;1774195077970,013936;500;484;20836;17286;34580;16748
1337;1774195078070,030312;500;484;20827;17290;34589;16748
1338;1774195078170,024304;500;484;20918;17295;34589;16753
1339;1774195078270,038816;500;484;20881;17295;34601;16762
1340;1774195078370,025032;500;484;20815;17300;34612;16768
1341;1774195078470,017072;500;484;20819;17306;34621;16768
1342;1774195078570,021016;500;484;20918;17310;34621;16774
1343;1774195078670,017176;500;484;20885;17310;34621;16780
1344;1774195078770,021328;500;485;20862;17310;34624;16785
1345;1774195078870,030672;500;485;20848;17312;34635;16791
1346;1774195078970,025240;500;485;20844;17318;34638;16791
1347;1774195079070,015240;500;485;20933;17319;34638;16794
1348;1774195079170,016936;500;485;20944;17319;34650;16785
1349;1774195079270,024712;500;484;21153;17325;34661;16806
1350;1774195079370,026352;500;485;20822;17331;34667;16806
1351;1774195079470,024976;500;485;20927;17334;34667;16811
1352;1774195079570,030232;500;485;20900;17334;34676;16817
1353;1774195079670,030408;500;485;20887;17338;34682;16823
1354;1774195079770,031200;500;485;20877;17341;34690;16823
1355;1774195079870,279696;500;485;20968;17345;34690;16826
1356;1774195079970,017096;500;485;20979;17345;34696;16829
1357;1774195080070,016032;500;485;20991;17348;34705;16837
1358;1774195080170,014888;500;485;20907;17352;34711;16837
1359;1774195080270,026400;500;485;20992;17355;34711;16849
1360;1774195080370,020984;500;485;20856;17355;34716;16858
1361;1774195080470,023864;500;486;20813;17358;34722;16866
1362;1774195080570,016984;500;486;20782;17361;34725;16866
1363;1774195080670,015720;500;486;20903;17363;34725;16872
1364;1774195080770,016584;500;486;20887;17363;34731;16872
1365;1774195080870,022136;500;486;20975;17365;34737;16875
1366;1774195080970,027440;500;486;20989;17368;34740;16881
1367;1774195081070,022904;500;486;20950;17370;34745;16881
1368;1774195081170,069296;500;486;21022;17373;34745;16887
1369;1774195081270,024584;500;486;20972;17373;34740;16892
1370;1774195081370,022120;500;486;20934;17370;34751;16901
1371;1774195081470,014320;500;486;20870;17376;34760;16901
1372;1774195081570,023560;500;486;20969;17380;34760;16910
1373;1774195081670,026480;500;486;20889;17380;34766;16913
1374;1774195081770,030512;500;486;20933;17383;34771;16913
1375;1774195081870,021328;500;486;21011;17386;34774;16913
1376;1774195081970,021344;500;486;21065;17387;34774;16921
1377;1774195082070,015552;500;487;20957;17387;34780;16921
1378;1774195082170,015720;500;487;21030;17390;34786;16933
1379;1774195082270,016624;500;487;20890;17393;34789;16933
1380;1774195082370,016168;500;487;20983;17394;34789;16936
1381;1774195082470,015912;500;487;20998;17394;34789;16942
1382;1774195082570,017144;500;487;20960;17394;34797;16944
1383;1774195082670,030240;500;487;20987;17399;34800;16944
1384;1774195082770,028296;500;487;21051;17400;34800;16947
1385;1774195082870,025152;500;487;21046;17400;34800;16947
1386;1774195082970,025280;500;487;21091;17400;34806;16950
1387;1774195083070,026984;500;487;21079;17403;34806;16953
1388;1774195083170,021536;500;487;21069;17403;34815;16953
1389;1774195083270,026512;500;487;21116;17407;34815;16962
1390;1774195083370,029704;500;487;21001;17407;34821;16968
1391;1774195083470,015072;500;487;20974;17410;34821;16973
1392;1774195083570,021592;500;487;20951;17410;34821;16973
1393;1774195083670,026632;500;487;21031;17410;34821;16982
1394;1774195083770,026256;500;488;20941;17410;34826;16991
1395;1774195083870,023848;500;488;20883;17413;34829;16994
1396;1774195083970,029000;500;488;20935;17415;34832;16994
1397;1774195084070,016952;500;488;21019;17416;34832;16997
1398;1774195084170,016424;500;488;21027;17416;34832;16999
1399;1774195084270,021760;500;488;21033;17416;34832;17002
1400;1774195084370,017320;500;488;21036;17416;34832;17002
1401;1774195084470,025152;500;488;21086;17416;34832;17008
1402;1774195084570,028352;500;488;21026;17416;34835;17014
1403;1774195084670,015000;500;488;20985;17418;34841;17023
1404;1774195084770,016304;500;489;20912;17420;34844;17023
1405;1774195084870,022776;500;489;21003;17422;34844;17023
1406;1774195084970,020888;500;489;21063;17422;34844;17028
1407;1774195085070,016304;500;489;21009;17422;34844;17031
1408;1774195085170,025864;500;489;21019;17422;34844;17034
1409;1774195085270,015168;500;489;21026;17422;34844;17034
1410;1774195085370,015416;500;489;21078;17422;34844;17037
1411;1774195085470,027568;500;489;21067;17422;34838;17043
1412;1774195085570,022984;500;489;21007;17419;34844;17046
1413;1774195085670,016120;500;489;21020;17422;34841;17046
1414;1774195085770,021912;500;489;21072;17420;34841;17049
1415;1774195085870,024632;500;489;21061;17420;34838;17052
1416;1774195085970,025400;500;489;21052;17419;34838;17052
1417;1774195086070,024536;500;489;21094;17419;34841;17052
1418;1774195086170,027688;500;489;21127;17420;34841;17054
1419;1774195086270,021776;500;489;21100;17420;34838;17057
1420;1774195086370,021816;500;490;21080;17419;34835;17060
1421;1774195086470,016952;500;490;21066;17418;34835;17060
1422;1774195086570,022584;500;490;21106;17418;34835;17063
1423;1774195086670,021632;500;490;21086;17418;34829;17063
1424;1774195086770,028224;500;490;21116;17415;34841;17069
1425;1774195086870,021488;500;490;21053;17420;34841;17069
1426;1774195086970,016672;500;490;21099;17420;34841;17075
1427;1774195087070,021448;500;490;21035;17420;34841;17080
1428;1774195087170,026984;500;490;20991;17420;34841;17086
1429;1774195087270,015928;500;490;20959;17420;34841;17089
1430;1774195087370,015696;500;490;20984;17420;34841;17089
1431;1774195087470,025816;500;490;21049;17420;34841;17092
1432;1774195087570,014248;500;491;21045;17420;34844;17089
1433;1774195087670,016312;500;490;21140;17422;34844;17092
1434;1774195087770,015248;500;491;21108;17422;34841;17092
1435;1774195087870,016104;500;491;21133;17420;34841;17098
1436;1774195087970,020880;500;491;21057;17420;34841;17104
1437;1774195088070,027080;500;491;21004;17420;34847;17109
1438;1774195088170,027392;500;491;20970;17423;34847;17109
1439;1774195088270,022400;500;491;21039;17423;34847;17109
1440;1774195088370,021312;500;491;21087;17423;34844;17109
1441;1774195088470,027720;500;491;21117;17422;34841;17109
1442;1774195088570,026376;500;491;21138;17420;34844;17109
1443;1774195088670,017072;500;491;21156;17422;34844;17112
1444;1774195088770,016072;500;491;21121;17422;34838;17115
1445;1774195088870,014720;500;491;21092;17419;34835;17115
1446;1774195088970,023472;500;491;21122;17418;34838;17115
1447;1774195089070,024920;500;491;21146;17419;34838;17118
1448;1774195089170,032392;500;491;21114;17419;34835;17118
1449;1774195089270,029200;500;491;21138;17418;34832;17118
1450;1774195089370,021320;500;491;21155;17416;34835;17124
1451;1774195089470,016552;500;492;21075;17418;34832;17124
1452;1774195089570,015144;500;492;21112;17416;34832;17130
1453;1774195089670,022544;500;492;21043;17416;34835;17130
1454;1774195089770,022288;500;492;21093;17418;34835;17130
1455;1774195089870,026944;500;492;21126;17418;34832;17130
1456;1774195089970,025152;500;492;21147;17416;34832;17130
1457;1774195090070,016784;500;492;21164;17416;34832;17124
1458;1774195090170,026344;500;492;21272;17416;34835;17130
1459;1774195090270,021936;500;492;21158;17418;34841;17130
1460;1774195090370,016120;500;492;21180;17420;34841;17138
1461;1774195090470,024664;500;492;21048;17420;34847;17141
1462;1774195090570,025216;500;492;21057;17423;34844;17144
1463;1774195090670,026320;500;492;21058;17422;34850;17144
1464;1774195090770,024280;500;492;21111;17425;34850;17147
1465;1774195090870,026480;500;492;21097;17425;34847;17144
1466;1774195090970,016584;500;492;21181;17423;34844;17147
1467;1774195091070,016312;500;492;21143;17422;34850;17147
1468;1774195091170,016544;500;492;21170;17425;34850;17144
1469;1774195091270,016224;500;492;21235;17425;34850;17150
1470;1774195091370,016096;500;492;21137;17425;34850;17153
1471;1774195091470,016088;500;492;21118;17425;34850;17156
1472;1774195091570,022600;500;492;21104;17425;34852;17156
1473;1774195091670,021872;500;492;21145;17426;34852;17156
1474;1774195091770,016016;500;492;21171;17426;34852;17156
1475;1774195091870,015184;500;492;21190;17426;34847;17159
1476;1774195091970,016896;500;492;21152;17423;34850;17159
1477;1774195092070,015888;500;492;21178;17425;34850;17161
1478;1774195092170,021360;500;492;21148;17425;34850;17164
1479;1774195092270,026688;500;493;21127;17425;34850;17167
1480;1774195092370,030832;500;493;21112;17425;34847;17167
1481;1774195092470,028104;500;493;21148;17423;34847;17170
1482;1774195092570,014432;500;493;21126;17423;34847;17173
1483;1774195092670,025904;500;493;21111;17423;34847;17170
1484;1774195092770,016960;500;493;21196;17423;34844;17170
1485;1774195092870,023056;500;493;21205;17422;34844;17173
1486;1774195092970,016160;500;493;21166;17422;34844;17170
1487;1774195093070,028000;500;493;21235;17422;34844;17170
1488;1774195093170,015840;500;493;21235;17422;34841;17170
1489;1774195093270,072800;500;493;21235;17420;34841;17170
1490;1774195093370,024784;500;493;21237;17420;34844;17176
1491;1774195093470,029928;500;493;21145;17422;34844;17179
1492;1774195093570,031448;500;493;21129;17422;34844;17182
1493;1774195093670,016208;500;493;21117;17422;34838;17182
1494;1774195093770,026512;500;493;21153;17419;34838;17182
1495;1774195093870,014936;500;493;21180;17419;34823;17179
1496;1774195093970,030808;500;493;21236;17412;34792;17182
1497;1774195094070,015536;500;494;21165;17396;34742;17182
1498;1774195094170,020896;500;495;21144;17371;34742;17185
1499;1774195094270,022920;500;495;21106;17371;34661;17188
1500;1774195094370,022104;500;496;21022;17331;34534;17196
1501;1774195094470,029000;500;498;20816;17267;34369;17196
1502;1774195094570,016176;500;500;20760;17185;34369;17196
1503;1774195094670,014944;500;500;20801;17185;34146;17193
1504;1774195094770,022560;500;504;20715;17073;33866;17182
1505;1774195094870,015600;500;507;20708;16933;33556;17182
1506;1774195094970,025160;500;512;20427;16778;33556;17170
1507;1774195095070,027016;500;512;20577;16778;33235;17156
1508;1774195095170,028416;500;516;20500;16617;32914;17141
1509;1774195095270,123088;500;521;20376;16457;32598;17141
1510;1774195095370,027640;500;526;19985;16299;32295;17121
1511;1774195095470,021784;500;530;19988;16147;32295;17101
1512;1774195095570,022272;500;530;20142;16147;31988;17075
1513;1774195095670,025736;500;534;20129;15994;31696;17040
1514;1774195095770,025624;500;538;20210;15848;31406;17040
1515;1774195095870,027216;500;543;19634;15703;31406;17005
1516;1774195095970,021136;500;541;19959;15703;31126;16976
1517;1774195096070,016192;500;545;19893;15563;30859;16942
1518;1774195096170,016984;500;549;19898;15430;30599;16942
1519;1774195096270,025960;500;554;19279;15299;30599;16904
1520;1774195096370,015712;500;552;19608;15299;30356;16869
1521;1774195096470,016656;500;556;19620;15178;30113;16829
1522;1774195096570,021888;500;559;19678;15056;29873;16829
1523;1774195096670,024680;500;563;19005;14936;29873;16782
1524;1774195096770,025464;500;562;19431;14936;29635;16736
1525;1774195096870,014320;500;565;19564;14818;29407;16684
1526;1774195096970,028744;500;567;19716;14703;29184;16684
1527;1774195097070,016968;500;572;18924;14592;29184;16632
1528;1774195097170,021440;500;570;19360;14592;28970;16591
1529;1774195097270,026376;500;573;19326;14485;28764;16548
1530;1774195097370,021976;500;575;19321;14382;28559;16548
1531;1774195097470,016616;500;579;18564;14280;28356;16502
1532;1774195097570,024760;500;582;18772;14178;28356;16458
1533;1774195097670,023792;500;580;18976;14178;28163;16403
1534;1774195097770,024392;500;582;19181;14081;27972;16348
1535;1774195097870,024216;500;584;19295;13986;27784;16348
1536;1774195097970,016592;500;588;18438;13892;27784;16296
1537;1774195098070,015592;500;587;18811;13892;27607;16247
1538;1774195098170,025904;500;589;18906;13804;27431;16201
1539;1774195098270,026376;500;591;18897;13715;27260;16201
1540;1774195098370,022152;500;594;18102;13630;27260;16143
1541;1774195098470,016616;500;592;18604;13630;27089;16085
1542;1774195098570,022936;500;594;18839;13545;26927;16030
1543;1774195098670,016088;500;595;18936;13464;26768;16030
1544;1774195098770,023072;500;599;18073;13384;26768;15966
1545;1774195098870,021784;500;596;18620;13384;26615;15911
1546;1774195098970,025160;500;598;18757;13307;26464;15851
1547;1774195099070,017000;500;599;18931;13232;26311;15851
1548;1774195099170,015808;500;602;18025;13155;26311;15793
1549;1774195099270,029264;500;600;18446;13155;26166;15744
1550;1774195099370,020808;500;602;18501;13083;26024;15692
1551;1774195099470,026120;500;603;18570;13012;25880;15692
1552;1774195099570,022072;500;606;17736;12940;25738;15637
1553;1774195099670,025296;500;608;18050;12869;25738;15582
1554;1774195099770,026328;500;605;18347;12869;25605;15521
1555;1774195099870,021920;500;606;18566;12802;25472;15460
1556;1774195099970,017232;500;607;18704;12736;25344;15460
1557;1774195100070,026128;500;610;17785;12672;25344;15402
1558;1774195100170,021704;500;608;18184;12672;25220;15350
1559;1774195100270,017216;500;609;18287;12610;25101;15298
1560;1774195100370,021024;500;609;18348;12551;24983;15298
1561;1774195100470,017280;500;612;17517;12491;24983;15240
1562;1774195100570,015688;500;610;17969;12491;24867;15185
1563;1774195100670,025848;500;611;18162;12433;24754;15122
1564;1774195100770,024840;500;611;18429;12377;24644;15122
1565;1774195100870,021968;500;614;17552;12322;24644;15058
1566;1774195100970,021848;500;611;18066;12322;24537;15006
1567;1774195101070,024224;500;612;18166;12269;24433;14945
1568;1774195101170,015648;500;612;18372;12216;24332;14945
1569;1774195101270,014136;500;614;17502;12166;24332;14881
1570;1774195101370,023608;500;612;18018;12166;24230;14835
1571;1774195101470,026008;500;612;18026;12115;24135;14783
1572;1774195101570,023232;500;613;18124;12067;24039;14728
1573;1774195101670,023880;500;613;18233;12020;23938;14728
1574;1774195101770,021096;500;615;17389;11969;23938;14676
1575;1774195101870,015008;500;613;17728;11969;23843;14630
1576;1774195101970,021024;500;614;17810;11921;23750;14578
1577;1774195102070,021992;500;614;17955;11875;23660;14578
1578;1774195102170,016680;500;616;17187;11830;23660;14523
1579;1774195102270,016288;500;614;17620;11830;23571;14468
1580;1774195102370,024992;500;614;17865;11785;23481;14413
1581;1774195102470,024456;500;614;18028;11740;23400;14413
1582;1774195102570,025096;500;616;17231;11700;23400;14358
1583;1774195102670,029992;500;614;17640;11700;23316;14308
1584;1774195102770,022328;500;614;17778;11658;23235;14253
1585;1774195102870,021576;500;613;17966;11617;23160;14253
1586;1774195102970,015832;500;615;17185;11580;23160;14204
1587;1774195103070,026520;500;613;17507;11580;23082;14155
1588;1774195103170,020896;500;613;17684;11541;23012;14106
1589;1774195103270,022880;500;613;17807;11506;22937;14106
1590;1774195103370,016688;500;615;17070;11468;22937;14057
1591;1774195103470,014448;500;613;17422;11468;22862;14008
1592;1774195103570,023896;500;613;17621;11431;22792;13955
1593;1774195103670,021136;500;612;17805;11396;22726;13900
1594;1774195103770,021456;500;612;17981;11363;22662;13900
1595;1774195103870,015088;500;613;17195;11331;22662;13851
1596;1774195103970,015704;500;611;17508;11331;22595;13814
1597;1774195104070,023720;500;611;17496;11298;22532;13773
1598;1774195104170,022536;500;611;17534;11266;22474;13773
1599;1774195104270,015816;500;613;16889;11237;22474;13730
1600;1774195104370,016264;500;611;17199;11237;22416;13686
1601;1774195104470,021000;500;611;17378;11208;22358;13637
1602;1774195104570,016840;500;610;17595;11179;22300;13637
1603;1774195104670,022768;500;612;16928;11150;22300;13585
1604;1774195104770,016872;500;609;17367;11150;22245;13533
1605;1774195104870,022184;500;608;17639;11123;22190;13487
1606;1774195104970,016208;500;608;17733;11095;22135;13487
1607;1774195105070,028000;500;609;17031;11068;22135;13443
1608;1774195105170,022384;500;607;17301;11068;22083;13403
1609;1774195105270,024112;500;607;17412;11042;22034;13362
1610;1774195105370,022504;500;606;17489;11017;21991;13362
1611;1774195105470,015752;500;608;16875;10995;21950;13322
1612;1774195105570,015576;500;607;17121;10975;21950;13281
1613;1774195105670,020968;500;605;17318;10975;21907;13238
1614;1774195105770,026720;500;604;17481;10953;21858;13189
1615;1774195105870,021480;500;603;17687;10929;21808;13189
1616;1774195105970,016168;500;605;17016;10904;21808;13151
1617;1774195106070,017088;500;603;17208;10904;21771;13116
1618;1774195106170,017168;500;602;17274;10885;21727;13082
1619;1774195106270,015496;500;602;17317;10864;21687;13082
1620;1774195106370,021568;500;603;16772;10843;21687;13038
1621;1774195106470,023568;500;601;17140;10843;21646;13003
1622;1774195106570,017104;500;601;17229;10823;21609;12957
1623;1774195106670,021944;500;600;17483;10804;21571;12957
1624;1774195106770,016072;500;601;16894;10786;21571;12911
1625;1774195106870,150192;500;599;17280;10786;21536;12882
1626;1774195106970,021808;500;598;17242;10768;21502;12839
1627;1774195107070,015256;500;597;17457;10751;21470;12839
1628;1774195107170,028736;500;598;16891;10735;21470;12807
1629;1774195107270,031960;500;596;17050;10735;21438;12784
1630;1774195107370,026040;500;596;16999;10719;21406;12752
1631;1774195107470,024568;500;596;17107;10703;21377;12752
1632;1774195107570,029400;500;597;16655;10689;21345;12717
1633;1774195107670,020872;500;596;16914;10673;21345;12677
1634;1774195107770,016184;500;594;17209;10673;21319;12636
1635;1774195107870,024472;500;593;17402;10660;21293;12593
1636;1774195107970,017016;500;591;17588;10647;21270;12593
1637;1774195108070,015400;500;592;17006;10635;21270;12558
1638;1774195108170,022632;500;590;17198;10635;21241;12535
1639;1774195108270,023376;500;590;17126;10621;21221;12509
1640;1774195108370,016144;500;589;17131;10611;21204;12509
1641;1774195108470,016880;500;590;16707;10602;21204;12483
1642;1774195108570,025592;500;589;16859;10602;21186;12451
1643;1774195108670,022536;500;588;17050;10593;21163;12419
1644;1774195108770,021728;500;587;17181;10582;21149;12419
1645;1774195108870,015568;500;587;16751;10574;21149;12387
1646;1774195108970,015624;500;586;16994;10574;21137;12355
1647;1774195109070,026648;500;585;17158;10569;21126;12323
1648;1774195109170,021784;500;583;17276;10563;21108;12323
1649;1774195109270,028080;500;584;16831;10554;21108;12295
1650;1774195109370,016728;500;582;17016;10554;21097;12266
1651;1774195109470,024952;500;581;17142;10548;21082;12240
1652;1774195109570,022200;500;581;17182;10541;21068;12219
1653;1774195109670,022800;500;580;17118;10534;21053;12219
1654;1774195109770,020880;500;580;16741;10527;21053;12190
1655;1774195109870,015312;500;579;16971;10527;21045;12164
1656;1774195109970,029584;500;578;17080;10522;21030;12138
1657;1774195110070,016560;500;577;17155;10515;21021;12138
1658;1774195110170,016240;500;577;16782;10511;21021;12112
1659;1774195110270,026656;500;576;16964;10511;21016;12089
1660;1774195110370,022968;500;575;17042;10508;21010;12060
1661;1774195110470,021496;500;574;17195;10505;21001;12060
1662;1774195110570,014744;500;574;16824;10501;21001;12028
1663;1774195110670,023536;500;573;17104;10501;20992;12002
1664;1774195110770,069088;500;572;17200;10496;20981;11976
1665;1774195110870,021968;500;571;17270;10490;20972;11976
1666;1774195110970,026808;500;571;16892;10486;20972;11956
1667;1774195111070,014648;500;570;16976;10486;20964;11939
1668;1774195111170,021368;500;569;16983;10482;20958;11921
1669;1774195111270,027416;500;569;16992;10479;20952;11921
1670;1774195111370,016760;500;569;16714;10476;20946;11901
1671;1774195111470,016480;500;568;16857;10473;20946;11884
1672;1774195111570,015464;500;567;16913;10473;20940;11861
1673;1774195111670,024048;500;566;17047;10470;20929;11837
1674;1774195111770,025936;500;566;17139;10464;20923;11837
1675;1774195111870,016096;500;566;16825;10462;20923;11817
1676;1774195111970,021640;500;565;16950;10462;20917;11800
1677;1774195112070,026048;500;564;16987;10459;20914;11777
1678;1774195112170,021128;500;563;17113;10457;20909;11777
1679;1774195112270,016960;500;563;16819;10454;20909;11756
1680;1774195112370,029008;500;562;16957;10454;20906;11739
1681;1774195112470,022064;500;562;17005;10453;20903;11725
1682;1774195112570,024504;500;561;16993;10451;20900;11725
1683;1774195112670,037376;500;561;16748;10450;20900;11707
1684;1774195112770,021872;500;560;16870;10450;20894;11693
1685;1774195112870,016184;500;560;16903;10447;20888;11678
1686;1774195112970,016424;500;559;16928;10444;20883;11678
1687;1774195113070,015752;500;559;16706;10441;20883;11658
1688;1774195113170,021160;500;558;16893;10441;20874;11644
1689;1774195113270,022608;500;558;16922;10437;20865;11623
1690;1774195113370,031032;500;557;17038;10433;20859;11606
1691;1774195113470,017144;500;556;17075;10430;20848;11606
1692;1774195113570,025936;500;557;16811;10424;20848;11583
1693;1774195113670,020984;500;556;17021;10424;20845;11568
1694;1774195113770,016936;500;555;17023;10422;20842;11557
1695;1774195113870,016224;500;554;16980;10421;20839;11557
1696;1774195113970,025320;500;555;16760;10420;20839;11539
1697;1774195114070,022664;500;554;16900;10420;20830;11531
1698;1774195114170,025144;500;554;16847;10415;20828;11513
1699;1774195114270,015712;500;553;16960;10414;20816;11513
1700;1774195114370,015088;500;553;16745;10408;20816;11496
1701;1774195114470,015112;500;552;16891;10408;20813;11481
1702;1774195114570,021528;500;552;16944;10407;20810;11464
1703;1774195114670,015560;500;551;17031;10405;20804;11464
1704;1774195114770,027360;500;551;16804;10402;20804;11450
1705;1774195114870,017072;500;550;16891;10402;20802;11441
1706;1774195114970,026360;500;550;16856;10401;20799;11429
1707;1774195115070,016000;500;550;16880;10399;20790;11429
1708;1774195115170,023120;500;550;16703;10395;20790;11415
1709;1774195115270,015544;500;549;16824;10395;20784;11398
1710;1774195115370,016864;500;548;16953;10392;20781;11377
1711;1774195115470,025848;500;547;17094;10391;20775;11377
1712;1774195115570,021672;500;548;16857;10388;20767;11360
1713;1774195115670,021904;500;547;16980;10383;20767;11345
1714;1774195115770,022680;500;546;17024;10383;20752;11331
1715;1774195115870,017064;500;546;17047;10376;20729;11322
1716;1774195115970,015424;500;546;16962;10365;20694;11322
1717;1774195116070,015928;500;547;16749;10347;20694;11314
1718;1774195116170,026624;500;547;16763;10347;20671;11305
1719;1774195116270,014856;500;547;16758;10336;20666;11296
1720;1774195116370,021616;500;547;16762;10333;20674;11296
1721;1774195116470,023232;500;546;16631;10337;20674;11288
1722;1774195116570,014520;500;546;16680;10337;20677;11273
1723;1774195116670,015568;500;545;16812;10339;20666;11256
1724;1774195116770,017152;500;545;16942;10333;20642;11256
1725;1774195116870,025320;500;545;16736;10321;20642;11238
1726;1774195116970,030928;500;544;16895;10321;20611;11227
1727;1774195117070,015864;500;545;16888;10305;20582;11212
1728;1774195117170,030824;500;545;16929;10291;20544;11212
1729;1774195117270,031120;500;546;16707;10272;20544;11204
1730;1774195117370,028168;500;545;16718;10272;20512;11195
1731;1774195117470,022272;500;546;16704;10256;20486;11186
1732;1774195117570,015728;500;546;16692;10243;20460;11189
1733;1774195117670,022504;500;547;16487;10230;20440;11189
1734;1774195117770,017088;500;547;16391;10220;20440;11163
1735;1774195117870,024312;500;546;16765;10220;20417;11143
1736;1774195117970,014136;500;546;16912;10208;20394;11120
1737;1774195118070,014928;500;545;17060;10197;20362;11120
1738;1774195118170,016056;500;546;16773;10181;20362;11108
1739;1774195118270,016528;500;546;16786;10181;20321;11100
1740;1774195118370,016712;500;546;16720;10161;20286;11094
1741;1774195118470,016784;500;547;16624;10143;20246;11094
1742;1774195118570,021808;500;548;16451;10123;20246;11085
1743;1774195118670,024584;500;548;16495;10123;20205;11071
1744;1774195118770,028816;500;548;16593;10103;20165;11056
1745;1774195118870,044384;500;548;16652;10082;20130;11056
1746;1774195118970,016408;500;549;16451;10065;20130;11039
1747;1774195119070,031216;500;548;16617;10065;20095;11021
1748;1774195119170,022384;500;548;16709;10048;20061;11004
1749;1774195119270,016384;500;549;16768;10030;20029;11004
1750;1774195119370,021584;500;549;16519;10014;20029;10987
1751;1774195119470,017176;500;549;16653;10014;19994;10975
1752;1774195119570,025608;500;549;16627;9997;19974;10961
1753;1774195119670,021224;500;549;16663;9987;19962;10961
1754;1774195119770,016328;500;549;16452;9981;19962;10946
1755;1774195119870,024400;500;548;16554;9981;19959;10935
1756;1774195119970,016720;500;548;16576;9980;19939;10920
1757;1774195120070,024056;500;548;16629;9970;19910;10906
1758;1774195120170,014408;500;548;16657;9955;19881;10906
1759;1774195120270,024432;500;549;16434;9941;19881;10891
1760;1774195120370,024264;500;548;16535;9941;19855;10874
1761;1774195120470,016376;500;548;16637;9928;19832;10862
1762;1774195120570,015544;500;548;16610;9916;19821;10862
1763;1774195120670,015656;500;548;16406;9910;19821;10851
1764;1774195120770,017072;500;547;16464;9910;19815;10833
1765;1774195120870,024872;500;547;16598;9907;19815;10819
1766;1774195120970,021176;500;546;16648;9907;19809;10819
1767;1774195121070,015768;500;546;16442;9905;19809;10804
1768;1774195121170,025712;500;545;16544;9905;19806;10787
1769;1774195121270,026216;500;545;16663;9903;19806;10770
1770;1774195121370,016304;500;544;16750;9903;19800;10770
1771;1774195121470,025264;500;544;16522;9900;19800;10758
1772;1774195121570,053352;500;543;16562;9900;19797;10747
1773;1774195121670,026616;500;543;16590;9899;19795;10738
1774;1774195121770,025656;500;542;16564;9897;19803;10738
1775;1774195121870,021448;500;542;16411;9902;19803;10729
1776;1774195121970,025544;500;542;16447;9902;19818;10720
1777;1774195122070,016376;500;541;16482;9909;19829;10709
1778;1774195122170,016920;500;540;16557;9915;19838;10709
1779;1774195122270,015936;500;540;16419;9919;19850;10697
1780;1774195122370,016104;500;539;16521;9925;19850;10689
1781;1774195122470,017232;500;538;16539;9925;19870;10677
1782;1774195122570,022512;500;537;16615;9935;19887;10663
1783;1774195122670,032640;500;536;16720;9944;19907;10663
1784;1774195122770,029816;500;536;16562;9954;19907;10654
1785;1774195122870,022568;500;535;16589;9954;19928;10651
1786;1774195122970,027544;500;534;16528;9964;19942;10642
1787;1774195123070,016112;500;534;16583;9971;19959;10642
1788;1774195123170,022440;500;533;16483;9980;19959;10631
1789;1774195123270,023896;500;533;16598;9980;19980;10628
1790;1774195123370,017336;500;532;16549;9990;20003;10625
1791;1774195123470,023080;500;531;16523;10001;20026;10625
1792;1774195123570,024776;500;531;16462;10013;20026;10613
1793;1774195123670,032280;500;530;16601;10013;20046;10602
1794;1774195123770,022760;500;529;16711;10023;20064;10596
1795;1774195123870,023600;500;528;16696;10032;20087;10596
1796;1774195123970,024288;500;528;16600;10043;20087;10590
1797;1774195124070,027320;500;527;16619;10043;20113;10587
1798;1774195124170,017320;500;526;16603;10056;20133;10582
1799;1774195124270,015152;500;526;16643;10067;20148;10582
1800;1774195124370,023408;500;525;16575;10074;20165;10576
1801;1774195124470,015552;500;524;16630;10082;20165;10573
1802;1774195124570,015000;500;524;16611;10082;20177;10567
1803;1774195124670,016016;500;524;16655;10088;20191;10561
1804;1774195124770,023144;500;523;16690;10095;20200;10561
1805;1774195124870,024704;500;523;16619;10100;20200;10553
1806;1774195124970,016536;500;522;16709;10100;20217;10553
1807;1774195125070,025304;500;522;16641;10109;20229;10553
1808;1774195125170,016880;500;522;16594;10114;20243;10553
1809;1774195125270,014080;500;521;16566;10122;20243;10553
1810;1774195125370,021088;500;521;16539;10122;20255;10547
1811;1774195125470,025808;500;521;16623;10127;20269;10544
1812;1774195125570,022320;500;520;16638;10135;20281;10544
1813;1774195125670,021768;500;520;16601;10140;20281;10535
1814;1774195125770,028056;500;519;16713;10140;20289;10538
1815;1774195125870,021744;500;519;16606;10145;20298;10538
1816;1774195125970,023632;500;519;16581;10149;20310;10538
1817;1774195126070,022296;500;519;16567;10155;20310;10527
1818;1774195126170,016016;500;518;16743;10155;20324;10521
1819;1774195126270,012112;500;518;16780;10162;20333;10509
1820;1774195126370,016560;500;517;16901;10166;20344;10503
1821;1774195126470,033008;500;516;16896;10172;20356;10503
1822;1774195126570,014240;500;516;16801;10178;20356;10503
1823;1774195126670,015728;500;516;16731;10178;20365;10503
1824;1774195126770,015744;500;516;16690;10182;20379;10506
1825;1774195126870,021072;500;516;16620;10190;20382;10506
1826;1774195126970,020984;500;515;16613;10191;20382;10506
1827;1774195127070,025984;500;515;16606;10191;20388;10506
1828;1774195127170,022976;500;515;16604;10194;20399;10506
1829;1774195127270,022560;500;515;16607;10200;20402;10506
1830;1774195127370,015304;500;515;16604;10201;20402;10503
1831;1774195127470,027528;500;515;16648;10201;20411;10501
1832;1774195127570,021664;500;514;16683;10205;20420;10498
1833;1774195127670,021648;500;514;16710;10210;20422;10498
1834;1774195127770,022560;500;514;16678;10211;20422;10498
1835;1774195127870,022080;500;514;16654;10211;20434;10495
1836;1774195127970,038360;500;514;16693;10217;20443;10495
1837;1774195128070,015400;500;513;16673;10221;20454;10495
1838;1774195128170,027720;500;513;16662;10227;20454;10492
1839;1774195128270,026256;500;513;16696;10227;20463;10495
1840;1774195128370,026632;500;513;16630;10231;20469;10492
1841;1774195128470,287816;500;513;16679;10234;20475;10492
1842;1774195128570,022096;500;512;16666;10237;20480;10495
1843;1774195128670,025456;500;512;16609;10240;20480;10492
1844;1774195128770,023904;500;512;16662;10240;20489;10495
1845;1774195128870,030920;500;512;16608;10245;20495;10492
1846;1774195128970,024336;500;512;16666;10247;20503;10492
1847;1774195129070,023096;500;512;16660;10252;20503;10489
1848;1774195129170,027032;500;512;16699;10252;20506;10486
1849;1774195129270,017088;500;511;16728;10253;20509;10486
1850;1774195129370,015432;500;511;16701;10255;20521;10486
1851;1774195129470,021320;500;511;16688;10260;20521;10489
1852;1774195129570,014456;500;511;16626;10260;20524;10489
1853;1774195129670,025128;500;511;16632;10262;20527;10486
1854;1774195129770,025544;500;511;16683;10263;20530;10486
1855;1774195129870,029056;500;511;16671;10265;20530;10486
1856;1774195129970,022416;500;511;16661;10265;20535;10483
1857;1774195130070,022304;500;510;16705;10268;20535;10483
1858;1774195130170,021232;500;510;16685;10268;20535;10483
1859;1774195130270,021344;500;510;16670;10268;20535;10477
1860;1774195130370,016176;500;510;16756;10268;20541;10480
1861;1774195130470,024120;500;510;16675;10271;20547;10480
1862;1774195130570,024080;500;510;16668;10273;20550;10483
1863;1774195130670,026912;500;510;16615;10275;20553;10483
1864;1774195130770,016960;500;510;16625;10276;20553;10480
1865;1774195130870,025904;500;510;16677;10276;20556;10477
1866;1774195130970,016952;500;510;16715;10278;20556;10475
1867;1774195131070,015904;500;510;16740;10278;20558;10475
1868;1774195131170,016912;500;510;16711;10279;20558;10475
1869;1774195131270,016488;500;510;16690;10279;20564;10469
1870;1774195131370,027784;500;509;16775;10282;20567;10475
1871;1774195131470,012856;500;509;16642;10284;20573;10475
1872;1774195131570,024320;500;509;16648;10286;20573;10466
1873;1774195131670,026864;500;509;16792;10286;20576;10472
1874;1774195131770,039424;500;509;16655;10288;20579;10466
1875;1774195131870,024056;500;509;16752;10289;20579;10466
1876;1774195131970,024264;500;509;16722;10289;20579;10466
1877;1774195132070,022384;500;509;16701;10289;20579;10463
1878;1774195132170,022520;500;508;16735;10289;20582;10460
1879;1774195132270,024424;500;508;16760;10291;20587;10460
1880;1774195132370,015456;500;508;16733;10294;20587;10460
1881;1774195132470,021568;500;508;16711;10294;20587;10463
1882;1774195132570,025960;500;508;16648;10294;20590;10463
1883;1774195132670,022144;500;508;16654;10295;20593;10463
1884;1774195132770,020904;500;508;16658;10297;20596;10466
1885;1774195132870,015328;500;508;16612;10298;20596;10463
1886;1774195132970,024800;500;508;16674;10298;20593;10460
1887;1774195133070,025344;500;508;16714;10297;20596;10457
1888;1774195133170,025104;500;508;16745;10298;20582;10457
1889;1774195133270,024816;500;508;16707;10291;20582;10457
1890;1774195133370,015016;500;508;16688;10291;20599;10460
1891;1774195133470,021832;500;508;16639;10299;20602;10463
1892;1774195133570,024944;500;508;16598;10301;20602;10463
1893;1774195133670,029880;500;508;16615;10301;20602;10463
1894;1774195133770,021560;500;508;16626;10301;20602;10460
1895;1774195133870,025344;500;508;16680;10301;20605;10457
1896;1774195133970,027128;500;508;16719;10302;20608;10457
1897;1774195134070,013640;500;507;16699;10304;20608;10460
1898;1774195134170,021560;500;508;16636;10304;20611;10454
1899;1774195134270,021968;500;507;16738;10305;20616;10463
1900;1774195134370,017264;500;508;16571;10308;20616;10463
1901;1774195134470,023088;500;508;16595;10308;20616;10460
1902;1774195134570,017136;500;507;16659;10308;20619;10463
1903;1774195134670,024784;500;507;16608;10310;20622;10460
1904;1774195134770,028288;500;507;16669;10311;20622;10460
1905;1774195134870,026344;500;507;16661;10311;20622;10460
1906;1774195134970,023680;500;507;16655;10311;20622;10457
1907;1774195135070,022920;500;507;16699;10311;20622;10454
1908;1774195135170,023264;500;507;16729;10311;20622;10454
1909;1774195135270,027248;500;507;16702;10311;20622;10454
1910;1774195135370,024496;500;507;16683;10311;20622;10454
1911;1774195135470,022600;500;507;16670;10311;20628;10457
1912;1774195135570,016640;500;507;16617;10314;20631;10457
1913;1774195135670,015704;500;507;16627;10315;20628;10457
1914;1774195135770,016544;500;507;16630;10314;20628;10460
1915;1774195135870,021072;500;507;16584;10314;20634;10454
1916;1774195135970,021256;500;507;16699;10317;20637;10451
1917;1774195136070,029088;500;506;16730;10318;20634;10451
1918;1774195136170,017200;500;507;16701;10317;20634;10448
1919;1774195136270,022600;500;506;16730;10317;20637;10448
1920;1774195136370,025104;500;506;16704;10318;20639;10448
1921;1774195136470,017216;500;506;16688;10320;20645;10448
1922;1774195136570,017168;500;506;16679;10323;20648;10448
1923;1774195136670,016688;500;506;16672;10324;20648;10443
1924;1774195136770,027280;500;506;16761;10324;20648;10443
1925;1774195136870,022296;500;506;16727;10324;20648;10443
1926;1774195136970,023624;500;506;16705;10324;20648;10443
1927;1774195137070,025600;500;506;16689;10324;20648;10446
1928;1774195137170,016200;500;506;16630;10324;20645;10440
1929;1774195137270,017000;500;506;16731;10323;20642;10443
1930;1774195137370,024192;500;506;16656;10321;20642;10443
1931;1774195137470,031648;500;506;16653;10321;20642;10437
1932;1774195137570,014456;500;506;16747;10321;20642;10437
1933;1774195137670,015640;500;506;16716;10321;20645;10437
1934;1774195137770,022672;500;506;16697;10323;20642;10437
1935;1774195137870,023768;500;506;16681;10321;20642;10437
1936;1774195137970,060024;500;506;16671;10321;20642;10434
1937;1774195138070,030120;500;505;16712;10321;20645;10434
1938;1774195138170,027736;500;505;16694;10323;20648;10434
1939;1774195138270,016560;500;505;16683;10324;20648;10434
1940;1774195138370,021816;500;505;16673;10324;20645;10431
1941;1774195138470,014496;500;505;16713;10323;20645;10428
1942;1774195138570,016464;500;505;16741;10323;20645;10428
1943;1774195138670,021416;500;505;16714;10323;20645;10431
1944;1774195138770,017024;500;505;16647;10323;20645;10434
1945;1774195138870,021136;500;505;16600;10323;20651;10440
1946;1774195138970,021200;500;506;16523;10326;20651;10437
1947;1774195139070,022672;500;505;16610;10326;20654;10437
1948;1774195139170,025064;500;505;16622;10327;20654;10437
1949;1774195139270,015440;500;505;16629;10327;20651;10434
1950;1774195139370,016152;500;505;16678;10326;20651;10431
1951;1774195139470,015080;500;505;16714;10326;20651;10431
1952;1774195139570,014976;500;505;16691;10326;20651;10428
1953;1774195139670,026912;500;505;16723;10326;20654;10428
1954;1774195139770,026824;500;505;16700;10327;20657;10431
1955;1774195139870,027776;500;505;16637;10328;20657;10431
1956;1774195139970,016104;500;505;16640;10328;20657;10431
1957;1774195140070,021400;500;505;16641;10328;20657;10428
1958;1774195140170,022384;500;505;16689;10328;20657;10434
1959;1774195140270,016072;500;505;16579;10328;20657;10434
1960;1774195140370,025376;500;505;16598;10328;20657;10431
1961;1774195140470,027216;500;505;16657;10328;20660;10431
1962;1774195140570,021864;500;505;16653;10330;20660;10428
1963;1774195140670,021952;500;505;16696;10330;20663;10428
1964;1774195140770,017088;500;505;16680;10331;20666;10428
1965;1774195140870,028688;500;505;16669;10333;20666;10425
1966;1774195140970,015848;500;504;16709;10333;20666;10425
1967;1774195141070,014392;500;504;16688;10333;20668;10425
1968;1774195141170,026256;500;504;16676;10334;20666;10425
1969;1774195141270,025440;500;504;16664;10333;20666;10425
1970;1774195141370,014600;500;504;16658;10333;20663;10425
1971;1774195141470,016392;500;505;16651;10331;20666;10422
1972;1774195141570,016056;500;504;16697;10333;20666;10422
1973;1774195141670,015200;500;504;16680;10333;20666;10422
1974;1774195141770,021952;500;504;16668;10333;20663;10422
1975;1774195141870,028160;500;504;16658;10331;20663;10420
1976;1774195141970,030752;500;504;16700;10331;20666;10420
1977;1774195142070,027104;500;504;16683;10333;20666;10414
1978;1774195142170,025376;500;504;16767;10333;20666;10411
1979;1774195142270,032176;500;504;16777;10333;20666;10402
1980;1774195142370,025792;500;503;16881;10333;20668;10402
1981;1774195142470,027904;500;503;16814;10334;20668;10414
1982;1774195142570,032576;500;504;16575;10334;20668;10411
1983;1774195142670,017048;500;504;16650;10334;20668;10414
1984;1774195142770,023400;500;504;16604;10334;20668;10408
1985;1774195142870,300472;500;504;16716;10334;20666;10408
1986;1774195142970,026168;500;504;16696;10333;20666;10408
1987;1774195143070,026680;500;504;16683;10333;20663;10405
1988;1774195143170,016320;500;504;16720;10331;20663;10405
1989;1774195143270,025920;500;504;16700;10331;20663;10405
1990;1774195143370,016592;500;504;16686;10331;20663;10405
1991;1774195143470,023448;500;504;16676;10331;20663;10405
1992;1774195143570,016456;500;504;16670;10331;20666;10405
1993;1774195143670,024344;500;504;16667;10333;20663;10405
1994;1774195143770,032768;500;504;16661;10331;20663;10405
1995;1774195143870,023608;500;504;16659;10331;20663;10405
1996;1774195143970,023584;500;504;16657;10331;20666;10402
1997;1774195144070,025680;500;503;16705;10333;20666;10402
1998;1774195144170,024192;500;503;16689;10333;20666;10405
1999;1774195144270,015776;500;504;16631;10333;20666;10405
2000;1774195144370,028392;500;504;16638;10333;20666;10408
2001;1774195144470,046976;500;504;16594;10333;20671;10408
2002;1774195144570,021656;500;503;16615;10336;20666;10405
2003;1774195144670,017248;500;504;16670;10333;20666;10405
2004;1774195144770,016200;500;504;16662;10333;20663;10402
2005;1774195144870,016048;500;503;16703;10331;20663;10402
2006;1774195144970,026240;500;503;16685;10331;20663;10402
2007;1774195145070,026064;500;503;16672;10331;20663;10402
2008;1774195145170,032776;500;503;16664;10331;20660;10408
2009;1774195145270,017072;500;504;16560;10330;20660;10399
2010;1774195145370,021984;500;503;16728;10330;20660;10399
2011;1774195145470,023984;500;503;16701;10330;20660;10402
2012;1774195145570,016664;500;504;16635;10330;20663;10399
2013;1774195145670,022312;500;503;16687;10331;20663;10399
2014;1774195145770,024136;500;503;16673;10331;20663;10399
2015;1774195145870,024464;500;503;16664;10331;20663;10396
2016;1774195145970,031896;500;503;16706;10331;20663;10394
2017;1774195146070,022944;500;503;16735;10331;20668;10394
2018;1774195146170,017112;500;503;16712;10334;20671;10394
2019;1774195146270,021864;500;503;16696;10336;20671;10394
2020;1774195146370,021584;500;503;16683;10336;20668;10396
2021;1774195146470,020984;500;503;16625;10334;20668;10396
2022;1774195146570,016328;500;503;16633;10334;20668;10396
2023;1774195146670,025688;500;503;16639;10334;20668;10396
2024;1774195146770,016904;500;503;16642;10334;20668;10394
2025;1774195146870,025464;500;503;16692;10334;20666;10391
2026;1774195146970,023696;500;503;16725;10333;20668;10391
2027;1774195147070,016408;500;503;16703;10334;20668;10391
2028;1774195147170,014584;500;503;16687;10334;20668;10391
2029;1774195147270,027224;500;503;16677;10334;20671;10388
2030;1774195147370,016344;500;503;16719;10336;20674;10388
2031;1774195147470,026672;500;502;16702;10337;20671;10388
2032;1774195147570,023328;500;503;16687;10336;20671;10385
2033;1774195147670,021904;500;502;16726;10336;20668;10382
2034;1774195147770,021808;500;502;16751;10334;20668;10382
2035;1774195147870,026760;500;502;16723;10334;20666;10382
2036;1774195147970,026736;500;502;16702;10333;20666;10382
2037;1774195148070,021184;500;502;16689;10333;20666;10376
2038;1774195148170,016672;500;502;16776;10333;20666;10373
2039;1774195148270,030200;500;502;16790;10333;20668;10373
2040;1774195148370,016288;500;502;16754;10334;20666;10379
2041;1774195148470,017224;500;502;16631;10333;20666;10376
2042;1774195148570,014272;500;502;16691;10333;20663;10379
2043;1774195148670,021680;500;502;16634;10331;20657;10382
2044;1774195148770,017296;500;503;16592;10328;20657;10382
2045;1774195148870,016144;500;503;16613;10328;20657;10382
2046;1774195148970,022544;500;503;16626;10328;20657;10382
2047;1774195149070,024952;500;503;16635;10328;20657;10379
2048;1774195149170,025600;500;502;16688;10328;20660;10379
2049;1774195149270,037976;500;502;16679;10330;20660;10379
2050;1774195149370,023576;500;502;16672;10330;20660;10379
2051;1774195149470,021072;500;502;16667;10330;20660;10379
2052;1774195149570,016344;500;502;16663;10330;20657;10379
2053;1774195149670,024768;500;502;16658;10328;20657;10379
2054;1774195149770,021984;500;502;16656;10328;20657;10379
2055;1774195149870,026008;500;502;16655;10328;20654;10379
2056;1774195149970,027840;500;503;16652;10327;20654;10379
2057;1774195150070,016840;500;503;16651;10327;20654;10379
2058;1774195150170,015656;500;503;16650;10327;20654;10382
2059;1774195150270,024920;500;503;16601;10327;20657;10379
2060;1774195150370,029080;500;502;16665;10328;20651;10379
2061;1774195150470,028040;500;503;16655;10326;20651;10376
2062;1774195150570,015232;500;502;16699;10326;20651;10370
2063;1774195150670,025200;500;502;16778;10326;20651;10373
2064;1774195150770,029952;500;502;16689;10326;20654;10373
2065;1774195150870,030368;500;502;16679;10327;20651;10373
2066;1774195150970,017024;500;502;16668;10326;20651;10370
2067;1774195151070,020920;500;502;16710;10326;20657;10373
2068;1774195151170,023872;500;502;16648;10328;20657;10373
2069;1774195151270,022816;500;502;16650;10328;20657;10373
2070;1774195151370,022544;500;502;16651;10328;20657;10376
2071;1774195151470,016240;500;502;16603;10328;20654;10370
2072;1774195151570,016336;500;502;16712;10327;20657;10370
2073;1774195151670,016728;500;502;16695;10328;20657;10370
2074;1774195151770,021096;500;502;16682;10328;20657;10367
2075;1774195151870,015440;500;502;16721;10328;20654;10367
2076;1774195151970,025720;500;502;16698;10327;20654;10365
2077;1774195152070,024808;1000;502;16733;10327;20657;10365
2078;1774195152170,021144;1000;502;31543;20657;20657;10365
2079;1774195152270,021680;1000;502;31658;20657;20660;10367
2080;1774195152370,016776;1000;502;31734;20660;20660;10382
2081;1774195152470,026608;1000;503;31631;20660;20663;10382
2082;1774195152570,022904;1000;502;31842;20663;20663;10446
2083;1774195152670,027176;1000;506;30967;20663;20663;10584
2084;1774195152770,021344;1000;512;29144;20663;20663;10813
2085;1774195152870,026064;1000;523;26404;20663;20660;11131
2086;1774195152970,021600;1000;539;22998;20660;20660;11131
2087;1774195153070,012928;1000;539;25867;20660;20660;11510
2088;1774195153170,016232;1000;557;21523;20660;20660;11858
2089;1774195153270,017232;1000;574;18977;20660;20660;12179
2090;1774195153370,021728;1000;589;17546;20660;20663;12179
2091;1774195153470,021032;1000;589;21768;20663;20663;12431
2092;1774195153570,016528;1000;602;20425;20663;20660;12619
2093;1774195153670,027848;1000;611;20467;20660;20660;12775
2094;1774195153770,021776;1000;618;20945;20660;20663;12775
2095;1774195153870,025248;1000;618;23796;20663;20663;12896
2096;1774195153970,021080;1000;624;23701;20663;20663;13001
2097;1774195154070,265352;1000;629;23885;20663;20663;13113
2098;1774195154170,029136;1000;635;23831;20663;20663;13113
2099;1774195154270,016816;1000;635;25631;20663;20663;13267
2100;1774195154370,016352;1000;642;24312;20663;20663;13438
2101;1774195154470,021200;1000;650;23088;20663;20663;13628
2102;1774195154570,017112;1000;660;21866;20663;20663;13628
2103;1774195154670,015504;1000;660;24136;20663;20663;13819
2104;1774195154770,022632;1000;669;22504;20663;20666;13979
2105;1774195154870,016200;1000;676;21866;20666;20666;14112
2106;1774195154970,016240;1000;683;21803;20666;20666;14112
2107;1774195155070,021664;1000;683;23916;20666;20668;14236
2108;1774195155170,021960;1000;689;23285;20668;20668;14340
2109;1774195155270,028624;1000;694;23151;20668;20663;14450
2110;1774195155370,022008;1000;699;22921;20663;20666;14575
2111;1774195155470,032328;1000;705;22497;20666;20666;14575
2112;1774195155570,025544;1000;705;24227;20666;20666;14699
2113;1774195155670,023720;1000;711;23336;20666;20671;14815
2114;1774195155770,017080;1000;717;22847;20671;20671;14928
2115;1774195155870,015632;1000;722;22519;20671;20674;14928
2116;1774195155970,017024;1000;722;24133;20674;20674;15041
2117;1774195156070,024800;1000;728;23353;20674;20671;15145
2118;1774195156170,268528;1000;733;22930;20671;20668;15260
2119;1774195156270,025680;1000;738;22417;20668;20671;15260
2120;1774195156370,024768;1000;738;23955;20671;20671;15376
2121;1774195156470,032976;1000;744;23075;20671;20668;15477
2122;1774195156570,022984;1000;749;22679;20668;20666;15579
2123;1774195156670,021768;1000;754;22376;20666;20666;15579
2124;1774195156770,023712;1000;754;23816;20666;20666;15680
2125;1774195156870,028712;1000;759;23113;20666;20660;15767
2126;1774195156970,032248;1000;763;22838;20660;20657;15854
2127;1774195157070,027368;1000;767;22625;20657;20654;15946
2128;1774195157170,027424;1000;772;22353;20654;20654;15946
2129;1774195157270,013992;1000;772;23675;20654;20654;16033
2130;1774195157370,021840;1000;776;23131;20654;20648;16108
2131;1774195157470,026712;1000;780;22921;20648;20642;16189
2132;1774195157570,015288;1000;784;22656;20642;20645;16189
2133;1774195157670,016304;1000;784;23804;20645;20645;16273
2134;1774195157770,015872;1000;788;23189;20645;20642;16351
2135;1774195157870,025016;1000;792;22840;20642;20642;16432
2136;1774195157970,030304;1000;796;22534;20642;20637;16432
2137;1774195158070,014264;1000;796;23635;20637;20637;16510
2138;1774195158170,028424;1000;800;23092;20637;20634;16580
2139;1774195158270,016864;1000;804;22842;20634;20631;16652
2140;1774195158370,017256;1000;807;22601;20631;20631;16652
2141;1774195158470,021640;1000;807;23617;20631;20631;16722
2142;1774195158570,021920;1000;811;23155;20631;20628;16785
2143;1774195158670,020992;1000;814;22915;20628;20628;16852
2144;1774195158770,016880;1000;817;22688;20628;20631;16852
2145;1774195158870,017008;1000;817;23621;20631;20631;16918
2146;1774195158970,017200;1000;820;23149;20631;20631;16979
2147;1774195159070,022392;1000;823;22907;20631;20628;17049
2148;1774195159170,020856;1000;826;22577;20628;20628;17049
2149;1774195159270,026144;1000;826;23485;20628;20631;17106
2150;1774195159370,032672;1000;829;23147;20631;20631;17161
2151;1774195159470,017048;1000;832;22948;20631;20628;17216
2152;1774195159570,015680;1000;835;22792;20628;20634;17274
2153;1774195159670,015016;1000;837;22633;20634;20637;17274
2154;1774195159770,021224;1000;837;23465;20637;20637;17329
2155;1774195159870,021224;1000;840;23116;20637;20639;17376
2156;1774195159970,022304;1000;842;23014;20639;20637;17425
2157;1774195160070,016248;1000;844;22876;20637;20642;17425
2158;1774195160170,014312;1000;844;23596;20642;20642;17480
2159;1774195160270,023880;1000;847;23169;20642;20642;17529
2160;1774195160370,023688;1000;849;22962;20642;20648;17578
2161;1774195160470,015112;1000;851;22816;20648;20651;17578
2162;1774195160570,021344;1000;851;23517;20651;20651;17627
2163;1774195160670,022168;1000;854;23176;20651;20654;17671
2164;1774195160770,021328;1000;856;23033;20654;20654;17717
2165;1774195160870,017328;1000;858;22873;20654;20654;17717
2166;1774195160970,026400;1000;858;23519;20654;20654;17766
2167;1774195161070,015944;1000;860;23145;20654;20660;17810
2168;1774195161170,014184;1000;862;22982;20660;20657;17853
2169;1774195161270,017072;1000;864;22851;20657;20657;17894
2170;1774195161370,025752;1000;866;22800;20657;20657;17894
2171;1774195161470,024472;1000;866;23425;20657;20657;17934
2172;1774195161570,026520;1000;868;23179;20657;20657;17963
2173;1774195161670,027064;1000;870;23195;20657;20660;18003
2174;1774195161770,020928;1000;871;23011;20660;20663;18003
2175;1774195161870,022176;1000;871;23549;20663;20663;18032
2176;1774195161970,015800;1000;873;23435;20663;20663;18076
2177;1774195162070,021256;1000;875;23112;20663;20666;18111
2178;1774195162170,023184;1000;876;23031;20666;20663;18111
2179;1774195162270,027104;1000;876;23536;20663;20663;18154
2180;1774195162370,021016;1000;879;23164;20663;20660;18189
2181;1774195162470,022552;1000;880;23041;20660;20660;18226
2182;1774195162570,015328;1000;882;22904;20660;20657;18226
2183;1774195162670,030136;1000;882;23420;20657;20657;18261
2184;1774195162770,024560;1000;884;23200;20657;20654;18290
2185;1774195162870,021104;1000;886;23134;20654;20648;18322
2186;1774195162970,016656;1000;887;23029;20648;20645;18322
2187;1774195163070,016856;1000;887;23480;20645;20645;18356
2188;1774195163170,025616;1000;889;23215;20645;20642;18385
2189;1774195163270,022160;1000;891;23120;20642;20639;18417
2190;1774195163370,031816;1000;892;22999;20639;20642;18446
2191;1774195163470,024208;1000;894;22964;20642;20637;18446
2192;1774195163570,037304;1000;894;23401;20637;20637;18472
2193;1774195163670,016256;1000;895;23274;20637;20628;18495
2194;1774195163770,016872;1000;897;23218;20628;20628;18521
2195;1774195163870,037264;1000;898;23136;20628;20631;18521
2196;1774195163970,016000;1000;898;23511;20631;20631;18547
2197;1774195164070,026680;1000;899;23334;20631;20631;18573
2198;1774195164170,025736;1000;900;23209;20631;20625;18611
2199;1774195164270,022304;1000;902;22919;20625;20622;18611
2200;1774195164370,029880;1000;902;23338;20622;20622;18628
2201;1774195164470,016712;1000;903;23339;20622;20622;18649
2202;1774195164570,014848;1000;904;23289;20622;20619;18663
2203;1774195164670,021368;1000;905;23344;20619;20608;18663
2204;1774195164770,021232;1000;906;23606;20608;20608;18686
2205;1774195164870,022200;1000;907;23415;20608;20584;18709
2206;1774195164970,016192;1000;909;23249;20584;20558;18741
2207;1774195165070,025432;1000;912;22973;20558;20527;18741
2208;1774195165170,029912;1000;913;23285;20527;20509;18767
2209;1774195165270,027080;1000;915;23073;20509;20509;18791
2210;1774195165370,023952;1000;916;22988;20509;20515;18811
2211;1774195165470,032088;1000;917;22981;20515;20527;18828
2212;1774195165570,022872;1000;917;23031;20527;20527;18828
2213;1774195165670,021488;1000;917;23337;20527;20527;18837
2214;1774195165770,026048;1000;918;23404;20527;20515;18848
2215;1774195165870,021976;1000;919;23385;20515;20492;18863
2216;1774195165970,017152;1000;921;23302;20492;20466;18863
2217;1774195166070,021928;1000;922;23470;20466;20466;18886
2218;1774195166170,026088;1000;923;23228;20466;20440;18906
2219;1774195166270,015152;1000;925;23072;20440;20437;18927
2220;1774195166370,021864;1000;926;22982;20437;20431;18927
2221;1774195166470,020904;1000;926;23247;20431;20431;18941
2222;1774195166570,023136;1000;927;23195;20431;20420;18950
2223;1774195166670,025264;1000;928;23237;20420;20411;18961
2224;1774195166770,025688;1000;929;23216;20411;20402;18961
2225;1774195166870,024920;1000;929;23389;20402;20402;18973
2226;1774195166970,025104;1000;930;23326;20402;20385;18987
2227;1774195167070,016632;1000;931;23211;20385;20367;19005
2228;1774195167170,024528;1000;933;23075;20367;20356;19022
2229;1774195167270,032432;1000;934;22979;20356;20347;19022
2230;1774195167370,015712;1000;935;23198;20347;20347;19028
2231;1774195167470,015040;1000;935;23260;20347;20350;19039
2232;1774195167570,022008;1000;936;23212;20350;20350;19045
2233;1774195167670,025848;1000;936;23272;20350;20344;19045
2234;1774195167770,030528;1000;936;23401;20344;20344;19051
2235;1774195167870,021272;1000;936;23402;20344;20339;19060
2236;1774195167970,015800;1000;937;23348;20339;20327;19071
2237;1774195168070,015856;1000;938;23253;20327;20321;19071
2238;1774195168170,028928;1000;938;23383;20321;20321;19086
2239;1774195168270,030848;1000;939;23240;20321;20324;19097
2240;1774195168370,017000;1000;940;23194;20324;20333;19109
2241;1774195168470,024608;1000;940;23171;20333;20330;19109
2242;1774195168570,021808;1000;940;23334;20330;20330;19120
2243;1774195168670,020848;1000;941;23257;20330;20330;19129
2244;1774195168770,016248;1000;941;23253;20330;20330;19138
2245;1774195168870,021440;1000;941;23250;20330;20339;19138
2246;1774195168970,021672;1000;941;23404;20339;20339;19152
2247;1774195169070,016248;1000;942;23263;20339;20344;19161
2248;1774195169170,031208;1000;942;23270;20344;20350;19167
2249;1774195169270,020776;1000;942;23325;20350;20344;19167
2250;1774195169370,023128;1000;942;23445;20344;20344;19172
2251;1774195169470,023472;1000;942;23440;20344;20359;19181
2252;1774195169570,021872;1000;942;23410;20359;20367;19196
2253;1774195169670,021784;1000;942;23293;20367;20373;19207
2254;1774195169770,016480;1000;943;23260;20373;20379;19207
2255;1774195169870,028888;1000;942;23430;20379;20379;19219
2256;1774195169970,030248;1000;943;23351;20379;20394;19222
2257;1774195170070,027088;1000;943;23461;20394;20399;19230
2258;1774195170170,023032;1000;943;23436;20399;20399;19230
2259;1774195170270,022688;1000;943;23557;20399;20399;19230
2260;1774195170370,055288;1000;943;23643;20399;20405;19253
2261;1774195170470,028104;1000;944;23329;20405;20408;19259
2262;1774195170570,022664;1000;944;23398;20408;20411;19259
2263;1774195170670,024152;1000;944;23542;20411;20411;19274
2264;1774195170770,017200;1000;944;23401;20411;20420;19285
2265;1774195170870,024480;1000;944;23363;20420;20422;19300
2266;1774195170970,017040;1000;945;23284;20422;20428;19300
2267;1774195171070,014888;1000;945;23473;20428;20428;19311
2268;1774195171170,015088;1000;945;23405;20428;20434;19317
2269;1774195171270,021832;1000;945;23462;20434;20434;19329
2270;1774195171370,015120;1000;946;23400;20434;20434;19329
2271;1774195171470,021688;1000;946;23548;20434;20434;19337
2272;1774195171570,023088;1000;946;23507;20434;20437;19343
2273;1774195171670,029880;1000;946;23532;20437;20437;19355
2274;1774195171770,026488;1000;947;23450;20437;20440;19366
2275;1774195171870,027424;1000;947;23398;20440;20443;19366
2276;1774195171970,021008;1000;947;23554;20443;20443;19375
2277;1774195172070,016016;1000;948;23516;20443;20443;19387
2278;1774195172170,022176;1000;948;23441;20443;20446;19395
2279;1774195172270,016616;1000;949;23442;20446;20446;19395
2280;1774195172370,021288;1000;949;23582;20446;20446;19404
2281;1774195172470,021736;1000;949;23536;20446;20446;19413
2282;1774195172570,026936;1000;949;23504;20446;20451;19421
2283;1774195172670,021512;1000;950;23491;20451;20457;19421
2284;1774195172770,015168;1000;949;23628;20457;20457;19427
2285;1774195172870,022576;1000;950;23621;20457;20460;19442
2286;1774195172970,021864;1000;950;23478;20460;20466;19453
2287;1774195173070,015416;1000;951;23432;20466;20469;19453
2288;1774195173170,015216;1000;950;23590;20469;20469;19462
2289;1774195173270,026336;1000;951;23552;20469;20475;19468
2290;1774195173370,026776;1000;951;23582;20475;20475;19476
2291;1774195173470,015376;1000;951;23549;20475;20475;19476
2292;1774195173570,015872;1000;951;23670;20475;20480;19485
2293;1774195173670,017184;1000;951;23619;20480;20480;19491
2294;1774195173770,026840;1000;952;23627;20480;20483;19502
2295;1774195173870,021808;1000;952;23541;20483;20489;19511
2296;1774195173970,024872;1000;952;23534;20489;20492;19511
2297;1774195174070,024120;1000;952;23671;20492;20492;19520
2298;1774195174170,024608;1000;953;23620;20492;20495;19528
2299;1774195174270,030888;1000;953;23589;20495;20495;19540
2300;1774195174370,015712;1000;953;23516;20495;20498;19540
2301;1774195174470,021480;1000;953;23661;20498;20498;19552
2302;1774195174570,020896;1000;954;23566;20498;20503;19557
2303;1774195174670,016760;1000;954;23605;20503;20509;19566
2304;1774195174770,015704;1000;954;23586;20509;20515;19566
2305;1774195174870,016168;1000;954;23719;20515;20515;19575
2306;1774195174970,025904;1000;954;23661;20515;20524;19583
2307;1774195175070,021888;1000;954;23635;20524;20527;19595
2308;1774195175170,016312;1000;955;23563;20527;20530;19595
2309;1774195175270,021160;1000;954;23707;20530;20530;19606
2310;1774195175370,021680;1000;955;23611;20530;20532;19612
2311;1774195175470,016632;1000;955;23644;20532;20535;19618
2312;1774195175570,015576;1000;955;23668;20535;20544;19618
2313;1774195175670,025720;1000;955;23790;20544;20544;19627
2314;1774195175770,025160;1000;955;23723;20544;20550;19647
2315;1774195175870,016368;1000;956;23493;20550;20556;19647
2316;1774195175970,029040;1000;956;23671;20556;20558;19656
2317;1774195176070,015968;1000;956;23647;20558;20558;19656
2318;1774195176170,021248;1000;956;23772;20558;20558;19661
2319;1774195176270,025880;1000;956;23762;20558;20564;19670
2320;1774195176370,028440;1000;957;23716;20564;20567;19679
2321;1774195176470,027152;1000;957;23683;20567;20567;19679
2322;1774195176570,026944;1000;957;23800;20567;20567;19690
2323;1774195176670,029120;1000;957;23690;20567;20570;19699
2324;1774195176770,025352;1000;958;23666;20570;20570;19708
2325;1774195176870,022688;1000;958;23645;20570;20573;19708
2326;1774195176970,023528;1000;958;23778;20573;20573;19714
2327;1774195177070,278504;1000;958;23772;20573;20579;19722
2328;1774195177170,021328;1000;958;23727;20579;20582;19731
2329;1774195177270,021656;1000;959;23695;20582;20584;19731
2330;1774195177370,025512;1000;959;23817;20584;20584;19740
2331;1774195177470,021432;1000;959;23755;20584;20590;19745
2332;1774195177570,015680;1000;959;23769;20590;20587;19754
2333;1774195177670,024728;1000;960;23720;20587;20590;19760
2334;1774195177770,027320;1000;960;23741;20590;20593;19760
2335;1774195177870,024600;1000;960;23852;20593;20593;19769
2336;1774195177970,033168;1000;960;23783;20593;20593;19777
2337;1774195178070,016384;1000;960;23735;20593;20596;19792
2338;1774195178170,016912;1000;961;23610;20596;20599;19792
2339;1774195178270,015616;1000;961;23763;20599;20599;19795
2340;1774195178370,021448;1000;961;23817;20599;20596;19800
2341;1774195178470,026600;1000;961;23802;20596;20596;19803
2342;1774195178570,026408;1000;962;23843;20596;20599;19803
2343;1774195178670,026432;1000;961;23924;20599;20599;19812
2344;1774195178770,015936;1000;962;23834;20599;20593;19821
2345;1774195178870,022848;1000;962;23764;20593;20596;19829
2346;1774195178970,026128;1000;963;23725;20596;20596;19829
2347;1774195179070,023912;1000;963;23839;20596;20596;19835
2348;1774195179170,023000;1000;963;23822;20596;20599;19844
2349;1774195179270,026808;1000;963;23766;20599;20599;19850
2350;1774195179370,023472;1000;964;23772;20599;20602;19850
2351;1774195179470,027832;1000;963;23876;20602;20602;19858
2352;1774195179570,016768;1000;964;23801;20602;20599;19861
2353;1774195179670,015896;1000;964;23842;20599;20599;19867
2354;1774195179770,026976;1000;964;23824;20599;20596;19867
2355;1774195179870,016072;1000;965;23904;20596;20593;19870
2356;1774195179970,020848;1000;965;23911;20593;20593;19876
2357;1774195180070,024824;1000;965;23871;20593;20587;19881
2358;1774195180170,021272;1000;966;23837;20587;20587;19893
2359;1774195180270,016416;1000;966;23722;20587;20596;19893
2360;1774195180370,023896;1000;966;23847;20596;20596;19899
2361;1774195180470,027832;1000;966;23828;20596;20596;19907
2362;1774195180570,021264;1000;967;23767;20596;20593;19916
2363;1774195180670,016944;1000;967;23720;20593;20590;19916
2364;1774195180770,016992;1000;967;23829;20590;20590;19922
2365;1774195180870,186408;1000;968;23811;20590;20587;19939
2366;1774195180970,026504;1000;969;23602;20587;20584;19931
2367;1774195181070,016216;1000;968;23887;20584;20587;19931
2368;1774195181170,031032;1000;968;23946;20587;20587;19933
2369;1774195181270,024560;1000;968;23937;20587;20584;19922
2370;1774195181370,021320;1000;968;24169;20584;20584;19933
2371;1774195181470,022720;1000;968;23951;20584;20584;19933
2372;1774195181570,022872;1000;968;23994;20584;20584;19936
2373;1774195181670,021952;1000;969;23977;20584;20584;19948
2374;1774195181770,021472;1000;969;23823;20584;20587;19957
2375;1774195181870,016944;1000;969;23769;20587;20590;19962
2376;1774195181970,021880;1000;970;23779;20590;20590;19962
2377;1774195182070,023400;1000;970;23879;20590;20590;19968
2378;1774195182170,032160;1000;970;23851;20590;20590;19971
2379;1774195182270,021336;1000;970;23880;20590;20593;19974
2380;1774195182370,021600;1000;970;23905;20593;20593;19974
2381;1774195182470,021888;1000;970;23967;20593;20593;19980
2382;1774195182570,030264;1000;970;23915;20593;20593;19983
2383;1774195182670,030288;1000;970;23927;20593;20599;19988
2384;1774195182770,016752;1000;970;23897;20599;20596;19988
2385;1774195182870,026704;1000;970;23962;20596;20596;19997
2386;1774195182970,020864;1000;971;23866;20596;20599;20003
2387;1774195183070,022504;1000;971;23852;20599;20605;20009
2388;1774195183170,022176;1000;971;23848;20605;20608;20009
2389;1774195183270,025040;1000;971;23938;20608;20608;20009
2390;1774195183370,017128;1000;971;23998;20608;20605;20012
2391;1774195183470,016888;1000;971;23988;20605;20602;20014
2392;1774195183570,016728;1000;971;23981;20602;20605;20014
2393;1774195183670,022552;1000;971;24032;20605;20605;20014
2394;1774195183770,016136;1000;971;24065;20605;20602;20017
2395;1774195183870,021048;1000;972;24038;20602;20608;20023
2396;1774195183970,024208;1000;972;23983;20608;20608;20023
2397;1774195184070,014768;1000;972;24037;20608;20608;20035
2398;1774195184170,055032;1000;972;23883;20608;20605;20041
2399;1774195184270,028144;1000;973;23868;20605;20605;20052
2400;1774195184370,021920;1000;973;23763;20605;20605;20055
2401;1774195184470,026072;1000;973;23833;20605;20602;20055
2402;1774195184570,016344;1000;973;23924;20602;20602;20058
2403;1774195184670,016296;1000;974;23942;20602;20605;20061
2404;1774195184770,016496;1000;974;23958;20605;20605;20064
2405;1774195184870,014888;1000;974;23966;20605;20605;20064
2406;1774195184970,031032;1000;974;24020;20605;20605;20069
2407;1774195185070,026528;1000;974;23963;20605;20608;20072
2408;1774195185170,026320;1000;974;23975;20608;20608;20078
2409;1774195185270,023560;1000;974;23933;20608;20608;20078
2410;1774195185370,022264;1000;974;24000;20608;20608;20084
2411;1774195185470,016424;1000;975;23951;20608;20608;20087
2412;1774195185570,015208;1000;975;23965;20608;20608;20090
2413;1774195185670,030488;1000;975;23975;20608;20608;20090
2414;1774195185770,028248;1000;975;24029;20608;20608;20095
2415;1774195185870,024264;1000;975;23972;20608;20605;20095
2416;1774195185970,016096;1000;975;24024;20605;20605;20101
2417;1774195186070,011544;1000;976;23968;20605;20608;20101
2418;1774195186170,021968;1000;975;24030;20608;20611;20104
2419;1774195186270,022104;1000;975;24026;20611;20611;20104
2420;1774195186370,024376;1000;975;24069;20611;20613;20110
2421;1774195186470,027024;1000;976;24008;20613;20616;20107
2422;1774195186570,029104;1000;975;24111;20616;20613;20107
2423;1774195186670,032528;1000;975;24129;20613;20613;20113
2424;1774195186770,038824;1000;976;24050;20613;20619;20119
2425;1774195186870,015672;1000;976;24004;20619;20616;20124
2426;1774195186970,016464;1000;976;23963;20616;20616;20124
2427;1774195187070,026288;1000;976;24033;20616;20616;20133
2428;1774195187170,024520;1000;977;23937;20616;20619;20133
2429;1774195187270,058016;1000;976;24018;20619;20619;20139
2430;1774195187370,029888;1000;977;23976;20619;20625;20139
2431;1774195187470,016480;1000;976;24050;20625;20625;20142
2432;1774195187570,021800;1000;977;24048;20625;20625;20150
2433;1774195187670,021816;1000;977;23951;20625;20625;20153
2434;1774195187770,024488;1000;977;23980;20625;20625;20153
2435;1774195187870,016648;1000;977;24047;20625;20625;20159
2436;1774195187970,015360;1000;977;23997;20625;20628;20159
2437;1774195188070,015440;1000;977;24063;20628;20628;20162
2438;1774195188170,022536;1000;977;24058;20628;20631;20162
2439;1774195188270,016064;1000;977;24107;20631;20631;20165
2440;1774195188370,015936;1000;977;24091;20631;20634;20168
2441;1774195188470,025328;1000;977;24084;20634;20637;20174
2442;1774195188570,022400;1000;978;24034;20637;20637;20179
2443;1774195188670,025656;1000;978;23996;20637;20634;20179
2444;1774195188770,028488;1000;978;24061;20634;20634;20182
2445;1774195188870,021904;1000;978;24061;20634;20631;20177
2446;1774195188970,024952;1000;978;24200;20631;20634;20177
2447;1774195189070,032744;1000;978;24210;20634;20634;20177
2448;1774195189170,030912;1000;978;24215;20634;20634;20179
2449;1774195189270,025256;1000;978;24172;20634;20637;20188
2450;1774195189370,026216;1000;978;24052;20637;20639;20203
2451;1774195189470,021896;1000;979;23875;20639;20639;20203
2452;1774195189570,139024;1000;979;23987;20639;20639;20205
2453;1774195189670,015112;1000;979;24016;20639;20642;20205
2454;1774195189770,016656;1000;979;24087;20642;20642;20205
2455;1774195189870,030896;1000;979;24133;20642;20642;20205
2456;1774195189970,027112;1000;979;24166;20642;20642;20205
2457;1774195190070,025920;1000;979;24189;20642;20645;20208
2458;1774195190170,030488;1000;979;24163;20645;20648;20211
2459;1774195190270,022496;1000;979;24147;20648;20645;20211
2460;1774195190370,016184;1000;979;24177;20645;20645;20214
2461;1774195190470,022856;1000;979;24154;20645;20645;20223
2462;1774195190570,026552;1000;980;24043;20645;20645;20229
2463;1774195190670,022296;1000;980;24014;20645;20651;20229
2464;1774195190770,015720;1000;980;24097;20651;20648;20231
2465;1774195190870,028840;1000;980;24096;20648;20648;20231
2466;1774195190970,037800;1000;980;24146;20648;20654;20234
2467;1774195191070,015968;1000;980;24142;20654;20651;20240
2468;1774195191170,017120;1000;980;24081;20651;20651;20240
2469;1774195191270,021312;1000;980;24138;20651;20651;20243
2470;1774195191370,016160;1000;980;24129;20651;20654;20243
2471;1774195191470,023040;1000;980;24176;20654;20660;20249
2472;1774195191570,026096;1000;980;24118;20660;20663;20249
2473;1774195191670,027544;1000;980;24172;20663;20663;20252
2474;1774195191770,021824;1000;980;24159;20663;20663;20252
2475;1774195191870,021040;1000;980;24199;20663;20666;20252
2476;1774195191970,027944;1000;980;24231;20666;20668;20252
2477;1774195192070,026112;1000;980;24255;20668;20668;20258
2478;1774195192170,025600;1000;980;24175;20668;20668;20260
2479;1774195192270,025032;1000;980;24167;20668;20668;20266
2480;1774195192370,015048;1000;981;24114;20668;20668;20266
2481;1774195192470,015232;1000;981;24173;20668;20668;20275
2482;1774195192570,015704;1000;981;24070;20668;20668;20278
2483;1774195192670,016272;1000;981;24094;20668;20674;20281
2484;1774195192770,021600;1000;981;24118;20674;20677;20281
2485;1774195192870,025016;1000;981;24181;20677;20680;20281
2486;1774195192970,026576;1000;981;24226;20680;20680;20281
2487;1774195193070,024624;1000;981;24254;20680;20683;20284
2488;1774195193170,025280;1000;981;24231;20683;20683;20286
2489;1774195193270,026904;1000;981;24213;20683;20680;20286
2490;1774195193370,023976;1000;981;24244;20680;20680;20295
2491;1774195193470,023376;1000;981;24126;20680;20683;20295
2492;1774195193570,014736;1000;981;24192;20683;20683;20301
2493;1774195193670,027048;1000;982;24138;20683;20680;20301
2494;1774195193770,027560;1000;982;24193;20680;20680;20304
2495;1774195193870,016664;1000;982;24185;20680;20680;20310
2496;1774195193970,016168;1000;982;24132;20680;20680;20312
2497;1774195194070,024296;1000;982;24143;20680;20677;20312
2498;1774195194170,025104;1000;982;24194;20677;20677;20315
2499;1774195194270,016128;1000;983;24184;20677;20677;20315
2500;1774195194370,027016;1000;983;24225;20677;20674;20321
2501;1774195194470,021160;1000;983;24153;20674;20671;20321
2502;1774195194570,014472;1000;983;24199;20671;20671;20315
2503;1774195194670,031208;1000;983;24329;20671;20668;20324
2504;1774195194770,017040;1000;983;24176;20668;20668;20324
2505;1774195194870,016200;1000;983;24218;20668;20671;20324
2506;1774195194970,024480;1000;983;24251;20671;20668;20324
2507;1774195195070,015088;1000;983;24267;20668;20668;20333
2508;1774195195170,016384;1000;984;24139;20668;20666;20336
2509;1774195195270,017184;1000;984;24141;20666;20663;20339
2510;1774195195370,025152;1000;984;24141;20663;20660;20339
2511;1774195195470,015960;1000;984;24187;20660;20660;20341
2512;1774195195570,016536;1000;985;24174;20660;20660;20341
2513;1774195195670,024048;1000;985;24213;20660;20657;20347
2514;1774195195770,024088;1000;985;24139;20657;20657;20347
2515;1774195195870,016136;1000;985;24187;20657;20657;20344
2516;1774195195970,024616;1000;985;24269;20657;20657;20350
2517;1774195196070,029032;1000;985;24182;20657;20657;20350
2518;1774195196170,021624;1000;985;24218;20657;20660;20350
2519;1774195196270,025616;1000;985;24247;20660;20660;20353
2520;1774195196370,016168;1000;985;24217;20660;20657;20353
2521;1774195196470,015336;1000;985;24240;20657;20660;20356
2522;1774195196570,020784;1000;985;24216;20660;20648;20353
2523;1774195196670,024664;1000;986;24276;20648;20648;20353
2524;1774195196770,021992;1000;986;24282;20648;20648;20353
2525;1774195196870,014712;1000;986;24287;20648;20651;20356
2526;1774195196970,016688;1000;986;24248;20651;20654;20356
2527;1774195197070,027640;1000;986;24271;20654;20651;20356
2528;1774195197170,016552;1000;986;24281;20651;20651;20362
2529;1774195197270,021920;1000;986;24195;20651;20654;20362
2530;1774195197370,021000;1000;986;24236;20654;20654;20365
2531;1774195197470,015416;1000;986;24214;20654;20648;20365
2532;1774195197570,016376;1000;986;24238;20648;20648;20350
2533;1774195197670,026256;1000;986;24501;20648;20645;20365
2534;1774195197770,032568;1000;986;24201;20645;20645;20365
2535;1774195197870,025584;1000;986;24237;20645;20645;20365
2536;1774195197970,016176;1000;986;24263;20645;20645;20370
2537;1774195198070,015248;1000;987;24185;20645;20648;20373
2538;1774195198170,026120;1000;987;24183;20648;20648;20376
2539;1774195198270,027216;1000;987;24178;20648;20648;20376
2540;1774195198370,016168;1000;987;24222;20648;20648;20373
2541;1774195198470,025512;1000;987;24301;20648;20645;20376
2542;1774195198570,022800;1000;987;24256;20645;20645;20379
2543;1774195198670,015840;1000;987;24228;20645;20642;20379
2544;1774195198770,026320;1000;987;24253;20642;20639;20379
2545;1774195198870,016832;1000;987;24269;20639;20639;20382
2546;1774195198970,022520;1000;988;24235;20639;20639;20385
2547;1774195199070,021312;1000;988;24212;20639;20642;20388
2548;1774195199170,027240;1000;988;24201;20642;20645;20388
2549;1774195199270,015016;1000;988;24242;20645;20645;20391
2550;1774195199370,016936;1000;988;24219;20645;20645;20385
2551;1774195199470,021248;1000;987;24348;20645;20645;20385
2552;1774195199570,014936;1000;987;24341;20645;20645;20385
2553;1774195199670,021760;1000;987;24338;20645;20645;20382
2554;1774195199770,015144;1000;987;24385;20645;20645;20382
2555;1774195199870,026328;1000;987;24372;20645;20651;20385
2556;1774195199970,023024;1000;987;24324;20651;20654;20385
2557;1774195200070,025312;1000;987;24338;20654;20654;20391
2558;1774195200170,023912;1000;987;24250;20654;20651;20396
2559;1774195200270,016696;1000;988;24185;20651;20651;20399
2560;1774195200370,015320;1000;988;24190;20651;20654;20399
2561;1774195200470,016360;1000;988;24245;20654;20654;20396
2562;1774195200570,014312;1000;988;24328;20654;20657;20399
2563;1774195200670,016960;1000;988;24294;20657;20660;20399
2564;1774195200770,021880;1000;987;24320;20660;20660;20402
2565;1774195200870,017000;1000;988;24288;20660;20660;20402
2566;1774195200970,021424;1000;988;24314;20660;20660;20402
2567;1774195201070,030328;1000;988;24332;20660;20663;20405
2568;1774195201170,016512;1000;988;24301;20663;20663;20408
2569;1774195201270,016864;1000;988;24278;20663;20666;20408
2570;1774195201370,015552;1000;988;24313;20666;20666;20411
2571;1774195201470,021184;1000;988;24287;20666;20668;20411
2572;1774195201570,025888;1000;988;24322;20668;20671;20414
2573;1774195201670,021800;1000;988;24299;20671;20671;20414
2574;1774195201770,021968;1000;988;24328;20671;20671;20414
2575;1774195201870,016224;1000;988;24349;20671;20671;20414
2576;1774195201970,025864;1000;988;24364;20671;20671;20417
2577;1774195202070,025400;1000;988;24327;20671;20671;20417
2578;1774195202170,023200;1000;988;24349;20671;20671;20420
2579;1774195202270,025736;1000;988;24318;20671;20674;20422
2580;1774195202370,021248;1000;988;24300;20674;20671;20428
2581;1774195202470,027216;1000;988;24233;20671;20671;20428
2582;1774195202570,023288;1000;988;24284;20671;20671;20422
2583;1774195202670,017032;1000;988;24415;20671;20671;20422
2584;1774195202770,016000;1000;988;24411;20671;20671;20422
2585;1774195202870,016976;1000;988;24409;20671;20671;20428
2586;1774195202970,016584;1000;988;24313;20671;20674;20428
2587;1774195203070,016552;1000;988;24347;20674;20674;20434
2588;1774195203170,023256;1000;988;24272;20674;20668;20437
2589;1774195203270,026576;1000;989;24259;20668;20668;20434
2590;1774195203370,021464;1000;989;24351;20668;20671;20434
2591;1774195203470,024600;1000;989;24371;20671;20671;20440
2592;1774195203570,021960;1000;989;24287;20671;20671;20443
2593;1774195203670,021312;1000;989;24276;20671;20668;20440
2594;1774195203770,014784;1000;989;24361;20668;20666;20440
2595;1774195203870,022104;1000;989;24370;20666;20666;20440
2596;1774195203970,029336;1000;989;24379;20666;20666;20440
2597;1774195204070,030944;1000;989;24387;20666;20668;20443
2598;1774195204170,025152;1000;989;24349;20668;20668;20443
2599;1774195204270,023264;1000;989;24368;20668;20668;20446
2600;1774195204370,021832;1000;989;24334;20668;20671;20446
2601;1774195204470,021888;1000;989;24362;20671;20671;20451
2602;1774195204570,022968;1000;989;24284;20671;20674;20451
2603;1774195204670,033232;1000;989;24329;20674;20674;20454
2604;1774195204770,016112;1000;989;24309;20674;20671;20448
2605;1774195204870,015624;1000;989;24435;20671;20666;20446
2606;1774195204970,014776;1000;989;24469;20666;20663;20446
2607;1774195205070,016856;1000;989;24448;20663;20668;20446
2608;1774195205170,021472;1000;989;24446;20668;20668;20451
2609;1774195205270,014696;1000;990;24344;20668;20668;20454
2610;1774195205370,030976;1000;990;24322;20668;20671;20457
2611;1774195205470,038536;1000;990;24311;20671;20668;20457
2612;1774195205570,016368;1000;990;24343;20668;20668;20451
2613;1774195205670,028256;1000;990;24465;20668;20668;20463
2614;1774195205770,017096;1000;990;24262;20668;20671;20457
2615;1774195205870,022072;1000;990;24413;20671;20671;20457
2616;1774195205970,021280;1000;990;24419;20671;20671;20463
2617;1774195206070,023448;1000;990;24328;20671;20674;20463
2618;1774195206170,026184;1000;990;24365;20674;20677;20460
2619;1774195206270,024776;1000;990;24440;20677;20677;20460
2620;1774195206370,025248;1000;990;24441;20677;20677;20460
2621;1774195206470,013528;1000;990;24443;20677;20677;20460
2622;1774195206570,016280;1000;990;24446;20677;20674;20460
2623;1774195206670,021240;1000;990;24444;20674;20671;20463
2624;1774195206770,017152;1000;990;24394;20671;20668;20463
2625;1774195206870,016952;1000;990;24407;20668;20668;20466
2626;1774195206970,016496;1000;990;24371;20668;20668;20466
2627;1774195207070,025416;1000;990;24394;20668;20668;20463
2628;1774195207170,026672;1000;990;24459;20668;20668;20463
2629;1774195207270,027232;1000;990;24456;20668;20668;20463
2630;1774195207370,016304;1000;990;24455;20668;20671;20463
2631;1774195207470,023400;1000;990;24459;20671;20668;20469
2632;1774195207570,049120;1000;990;24360;20668;20666;20469
2633;1774195207670,024464;1000;990;24386;20666;20666;20472
2634;1774195207770,024144;1000;991;24359;20666;20671;20472
2635;1774195207870,025152;1000;990;24397;20671;20668;20472
2636;1774195207970,026432;1000;990;24413;20668;20674;20472
2637;1774195208070,026392;1000;990;24435;20674;20674;20477
2638;1774195208170,022520;1000;990;24350;20674;20674;20480
2639;1774195208270,022136;1000;991;24338;20674;20677;20480
2640;1774195208370,022864;1000;990;24382;20677;20680;20475
2641;1774195208470,023776;1000;990;24509;20680;20683;20475
2642;1774195208570,024032;1000;990;24503;20683;20683;20480
2643;1774195208670,022760;1000;990;24401;20683;20680;20480
2644;1774195208770,030504;1000;990;24423;20680;20680;20486
2645;1774195208870,015584;1000;991;24345;20680;20677;20486
2646;1774195208970,021592;1000;991;24382;20677;20677;20483
2647;1774195209070,016120;1000;991;24459;20677;20674;20480
2648;1774195209170,022608;1000;991;24508;20674;20677;20486
2649;1774195209270,024040;1000;991;24406;20677;20677;20486
2650;1774195209370,030288;1000;991;24429;20677;20677;20483
2651;1774195209470,016832;1000;991;24493;20677;20677;20483
2652;1774195209570,014224;1000;991;24490;20677;20677;20483
2653;1774195209670,016000;1000;991;24489;20677;20677;20483
2654;1774195209770,026560;1000;991;24489;20677;20677;20486
2655;1774195209870,020936;1000;991;24442;20677;20674;20483
2656;1774195209970,021712;1000;991;24501;20674;20674;20480
2657;1774195210070,020848;1000;991;24546;20674;20677;20480
2658;1774195210170,026312;1000;990;24535;20677;20677;20480
2659;1774195210270,015968;1000;990;24525;20677;20671;20489
2660;1774195210370,015224;1000;991;24367;20671;20671;20492
2661;1774195210470,027328;1000;991;24360;20671;20666;20492
2662;1774195210570,023056;1000;992;24393;20666;20645;20492
2663;1774195210670,025960;1000;993;24392;20645;20645;20492
2664;1774195210770,015944;1000;993;24412;20645;20616;20492
2665;1774195210870,024592;1000;994;24384;20616;20599;20492
2666;1774195210970,016992;1000;995;24368;20599;20596;20492
2667;1774195211070,015776;1000;995;24370;20596;20596;20498
2668;1774195211170,296816;1000;995;24279;20596;20608;20486
2669;1774195211270,025856;1000;994;24520;20608;20608;20489
2670;1774195211370,026424;1000;994;24436;20608;20599;20489
2671;1774195211470,016032;1000;995;24415;20599;20599;20483
2672;1774195211570,026480;1000;994;24506;20599;20582;20480
2673;1774195211670,014472;1000;995;24497;20582;20558;20475
2674;1774195211770,024624;1000;996;24525;20558;20532;20475
2675;1774195211870,016776;1000;997;24435;20532;20532;20477
2676;1774195211970,021264;1000;997;24353;20532;20503;20475
2677;1774195212070,017208;1000;999;24351;20503;20480;20472
2678;1774195212170,024968;1000;1000;24346;20480;20463;20472
2679;1774195212270,014232;1000;1000;24293;20463;20463;20466
2680;1774195212370,021216;1000;1000;24370;20463;20448;20457
2681;1774195212470,022912;1000;1000;24453;20448;20437;20451
2682;1774195212570,023624;1000;1001;24461;20437;20417;20451
2683;1774195212670,027608;1000;1002;24356;20417;20417;20446
2684;1774195212770,024016;1000;1001;24402;20417;20396;20443
2685;1774195212870,023576;1000;1002;24358;20396;20373;20443
2686;1774195212970,016224;1000;1003;24269;20373;20341;20443
2687;1774195213070,021328;1000;1005;24185;20341;20312;20437
2688;1774195213170,026448;1000;1006;24214;20312;20312;20428
2689;1774195213270,022744;1000;1006;24311;20312;20275;20420
2690;1774195213370,023088;1000;1007;24327;20275;20243;20411
2691;1774195213470,021432;1000;1008;24331;20243;20214;20411
2692;1774195213570,023944;1000;1010;24184;20214;20214;20405
2693;1774195213670,026312;1000;1009;24208;20214;20182;20399
2694;1774195213770,037440;1000;1011;24181;20182;20159;20394
2695;1774195213870,025184;1000;1012;24163;20159;20136;20394
2696;1774195213970,016680;1000;1013;24046;20136;20136;20379
2697;1774195214070,022104;1000;1012;24229;20136;20107;20373
2698;1774195214170,017320;1000;1013;24173;20107;20078;20353
2699;1774195214270,016512;1000;1014;24364;20078;20052;20353
2700;1774195214370,031368;1000;1015;24155;20052;20052;20344
2701;1774195214470,026896;1000;1015;24185;20052;20038;20333
2702;1774195214570,027696;1000;1015;24235;20038;20035;20321
2703;1774195214670,015816;1000;1014;24284;20035;20032;20321
2704;1774195214770,023688;1000;1014;24129;20032;20032;20312
2705;1774195214870,025856;1000;1014;24172;20032;20020;20307
2706;1774195214970,026280;1000;1014;24140;20020;20003;20292
2707;1774195215070,015200;1000;1014;24250;20003;19986;20292
2708;1774195215170,017056;1000;1015;24083;19986;19986;20284
2709;1774195215270,028656;1000;1015;24131;19986;19965;20272
2710;1774195215370,016840;1000;1015;24186;19965;19954;20258
2711;1774195215470,024784;1000;1015;24279;19954;19948;20249
2712;1774195215570,015856;1000;1015;24254;19948;19951;20249
2713;1774195215670,015712;1000;1015;24108;19951;19951;20237
2714;1774195215770,014328;1000;1014;24199;19951;19954;20229
2715;1774195215870,017096;1000;1014;24221;19954;19957;20223
2716;1774195215970,016760;1000;1013;24193;19957;19962;20223
2717;1774195216070,014864;1000;1013;24087;19962;19962;20214
2718;1774195216170,015568;1000;1013;24154;19962;19968;20208
2719;1774195216270,027160;1000;1012;24163;19968;19974;20197
2720;1774195216370,023184;1000;1011;24270;19974;19977;20197
2721;1774195216470,016264;1000;1011;24154;19977;19977;20185
2722;1774195216570,023288;1000;1010;24265;19977;19986;20177
2723;1774195216670,026112;1000;1010;24310;19986;20000;20168
2724;1774195216770,021312;1000;1008;24357;20000;20017;20168
2725;1774195216870,016744;1000;1008;24259;20017;20017;20159
2726;1774195216970,026304;1000;1007;24322;20017;20032;20156
2727;1774195217070,016088;1000;1006;24293;20032;20052;20150
2728;1774195217170,022056;1000;1005;24338;20052;20069;20150
2729;1774195217270,024672;1000;1004;24281;20069;20069;20150
2730;1774195217370,023672;1000;1004;24227;20069;20090;20142
2731;1774195217470,024008;1000;1003;24363;20090;20113;20136
2732;1774195217570,025128;1000;1001;24425;20113;20130;20130
2733;1774195217670,025352;1000;1000;24473;20130;20153;20130
2734;1774195217770,016352;1000;999;24429;20153;20153;20122
2735;1774195217870,021160;1000;998;24522;20153;20174;20119
2736;1774195217970,025832;1000;997;24522;20174;20197;20119
2737;1774195218070,015984;1000;996;24490;20197;20217;20119
2738;1774195218170,016128;1000;995;24477;20217;20217;20116
2739;1774195218270,025048;1000;995;24497;20217;20243;20119
2740;1774195218370,022992;1000;994;24454;20243;20266;20122
2741;1774195218470,023904;1000;993;24433;20266;20286;20122
2742;1774195218570,014464;1000;992;24473;20286;20286;20124
2743;1774195218670,028152;1000;992;24433;20286;20307;20124
2744;1774195218770,025312;1000;991;24483;20307;20321;20127
2745;1774195218870,064512;1000;990;24470;20321;20341;20127
2746;1774195218970,027440;1000;989;24524;20341;20341;20124
2747;1774195219070,026784;1000;989;24590;20341;20356;20130
2748;1774195219170,021032;1000;989;24513;20356;20373;20133
2749;1774195219270,015920;1000;988;24519;20373;20385;20133
2750;1774195219370,025776;1000;988;24570;20385;20385;20133
2751;1774195219470,022456;1000;988;24594;20385;20399;20142
2752;1774195219570,023376;1000;987;24488;20399;20414;20139
2753;1774195219670,023408;1000;987;24612;20414;20428;20139
2754;1774195219770,021856;1000;986;24657;20428;20431;20139
2755;1774195219870,024048;1000;986;24678;20431;20431;20142
2756;1774195219970,022464;1000;986;24643;20431;20443;20145
2757;1774195220070,026256;1000;985;24636;20443;20451;20148
2758;1774195220170,016952;1000;985;24632;20451;20463;20148
2759;1774195220270,017304;1000;985;24685;20463;20463;20148
2760;1774195220370,022024;1000;985;24711;20463;20472;20150
2761;1774195220470,021552;1000;984;24694;20472;20480;20150
2762;1774195220570,014336;1000;984;24734;20480;20489;20150
2763;1774195220670,014728;1000;983;24767;20489;20489;20156
2764;1774195220770,028504;1000;984;24686;20489;20495;20159
2765;1774195220870,058616;1000;984;24686;20495;20506;20165
2766;1774195220970,015184;1000;983;24649;20506;20512;20165
2767;1774195221070,023616;1000;983;24716;20512;20512;20171
2768;1774195221170,021744;1000;983;24660;20512;20518;20174
2769;1774195221270,021856;1000;983;24678;20518;20530;20174
2770;1774195221370,015120;1000;983;24748;20530;20527;20174
2771;1774195221470,022096;1000;983;24781;20527;20527;20177
2772;1774195221570,015264;1000;983;24759;20527;20530;20182
2773;1774195221670,015608;1000;983;24701;20530;20532;20188
2774;1774195221770,026368;1000;983;24661;20532;20541;20191
2775;1774195221870,021192;1000;983;24691;20541;20544;20191
2776;1774195221970,017056;1000;983;24754;20544;20544;20194
2777;1774195222070,015568;1000;983;24746;20544;20547;20197
2778;1774195222170,030144;1000;983;24745;20547;20553;20200
2779;1774195222270,025064;1000;983;24750;20553;20556;20200
2780;1774195222370,030032;1000;983;24800;20556;20556;20200
2781;1774195222470,015928;1000;983;24831;20556;20558;20203
2782;1774195222570,015376;1000;983;24810;20558;20564;20205
2783;1774195222670,016216;1000;983;24801;20564;20567;20205
2784;1774195222770,026272;1000;982;24842;20567;20567;20208
2785;1774195222870,021184;1000;983;24819;20567;20567;20208
2786;1774195222970,025120;1000;983;24852;20567;20573;20214
2787;1774195223070,022416;1000;983;24788;20573;20576;20214
2788;1774195223170,025752;1000;982;24838;20576;20576;20220
2789;1774195223270,017304;1000;983;24774;20576;20576;20226
2790;1774195223370,027288;1000;983;24730;20576;20582;20234
2791;1774195223470,031224;1000;983;24658;20582;20584;20234
2792;1774195223570,026608;1000;983;24750;20584;20584;20240
2793;1774195223670,026024;1000;983;24713;20584;20587;20243
2794;1774195223770,016824;1000;983;24739;20587;20596;20240
2795;1774195223870,022872;1000;983;24862;20596;20593;20240
2796;1774195223970,073272;1000;983;24886;20593;20590;20240
2797;1774195224070,023048;1000;983;24902;20590;20590;20240
2798;1774195224170,025264;1000;983;24917;20590;20593;20246
2799;1774195224270,023936;1000;983;24837;20593;20596;20252
2800;1774195224370,031224;1000;983;24783;20596;20596;20252
2801;1774195224470,026744;1000;983;24838;20596;20596;20260
2802;1774195224570,024744;1000;984;24732;20596;20602;20260
2803;1774195224670,022504;1000;983;24811;20602;20599;20284
2804;1774195224770,022304;1000;985;24470;20599;20599;20284
2805;1774195224870,016032;1000;985;24619;20599;20599;20263
2806;1774195224970,015712;1000;984;25054;20599;20602;20263
2807;1774195225070,015760;1000;984;25025;20602;20602;20252
2808;1774195225170,022184;1000;983;25196;20602;20602;20252
2809;1774195225270,025048;1000;983;25127;20602;20602;20260
2810;1774195225370,015352;1000;983;24938;20602;20605;20266
2811;1774195225470,021936;1000;984;24861;20605;20605;20278
2812;1774195225570,014248;1000;984;24709;20605;20611;20278
2813;1774195225670,014904;1000;984;24803;20611;20611;20286
2814;1774195225770,021800;1000;984;24717;20611;20611;20289
2815;1774195225870,021584;1000;984;24753;20611;20613;20289
2816;1774195225970,025816;1000;984;24828;20613;20616;20286
2817;1774195226070,020912;1000;984;24928;20616;20619;20286
2818;1774195226170,026640;1000;984;24952;20619;20619;20289
2819;1774195226270,021320;1000;984;24918;20619;20622;20292
2820;1774195226370,022568;1000;984;24899;20622;20625;20298
2821;1774195226470,027024;1000;984;24840;20625;20628;20298
2822;1774195226570,026736;1000;984;24896;20628;20628;20301
2823;1774195226670,029832;1000;984;24883;20628;20625;20301
2824;1774195226770,063072;1000;984;24919;20625;20631;20304
2825;1774195226870,022360;1000;984;24907;20631;20631;20304
2826;1774195226970,023432;1000;984;24941;20631;20631;20301
2827;1774195227070,016664;1000;984;25013;20631;20634;20310
2828;1774195227170,016352;1000;984;24876;20634;20637;20312
2829;1774195227270,026208;1000;984;24878;20637;20637;20312
2830;1774195227370,030752;1000;984;24925;20637;20637;20315
2831;1774195227470,016368;1000;984;24909;20637;20639;20318
2832;1774195227570,014840;1000;984;24903;20639;20637;20318
2833;1774195227670,027552;1000;985;24939;20637;20642;20318
2834;1774195227770,016664;1000;984;24976;20642;20642;20324
2835;1774195227870,046624;1000;985;24900;20642;20642;20318
2836;1774195227970,027440;1000;984;25039;20642;20645;20315
2837;1774195228070,022944;1000;984;25093;20645;20642;20312
2838;1774195228170,016416;1000;984;25125;20642;20645;20312
2839;1774195228270,021016;1000;984;25108;20645;20645;20318
2840;1774195228370,026472;1000;984;24999;20645;20645;20324
2841;1774195228470,023664;1000;984;24925;20645;20642;20330
2842;1774195228570,014256;1000;985;24870;20642;20645;20330
2843;1774195228670,022832;1000;985;24934;20645;20645;20333
